date,rank,ticker,name_en,segment,W_i,weight_percent,weight,weight_pct
2026-04-22,1.0,TSLA,TESLA INC,CORE,,,0.1212959631851604,12.1296%
2026-04-22,2.0,NVDA,NVIDIA CORP,CORE,,,0.0875495972054654,8.7550%
2026-04-22,3.0,GOOGL,ALPHABET INC CL A,CORE,,,0.0382626114651562,3.8263%
2026-04-22,4.0,PLTR,PALANTIR TECHNOLOGIES INC CL A,CORE,,,0.0259775720215817,2.5978%
2026-04-22,5.0,QQQ,INVESCO QQQ TRUST SRS 1 ETF,CORE,,,0.0319818509043906,3.1982%
2026-04-22,6.0,AAPL,APPLE INC,CORE,,,0.0212687931632913,2.1269%
2026-04-22,7.0,IONQ,IONQ INC,CORE,,,0.0209622015206955,2.0962%
2026-04-22,8.0,VOO,VANGUARD SP 500 ETF,CORE,,,0.0235870791474006,2.3587%
2026-04-22,9.0,TQQQ,PROSHARES ULTRAPRO QQQ ETF,CORE,,,0.0192764851447837,1.9276%
2026-04-22,10.0,MSFT,MICROSOFT CORP,CORE,,,0.0191759697103042,1.9176%
2026-04-22,11.0,AVGO,BROADCOM INC,CORE,,,0.0161781990128771,1.6178%
2026-04-22,12.0,SCHD,SCHWAB US DIVIDEND EQUITY ETF,CORE,,,0.0263634409395014,2.6363%
2026-04-22,13.0,SOXL,DIREXION DAILY SEMICONDUCTORS BULL 3X ETF,CORE,,,0.0139218920661968,1.3922%
2026-04-22,14.0,SPY,SPDR SP 500 ETF TRUST,CORE,,,0.0313568380202918,3.1357%
2026-04-22,15.0,AMZN,AMAZON.COM INC,CORE,,,0.0151880031279487,1.5188%
2026-04-22,16.0,QQQM,INVESCO NASDAQ 100 ETF,CORE,,,0.0347571926532181,3.4757%
2026-04-22,17.0,TSLL,DIREXION DAILY TSLA BULL 2X SHARES,CORE,,,0.0106031093365982,1.0603%
2026-04-22,18.0,MU,MICRON TECHNOLOGY INC,CORE,,,0.0091136055011441,0.9114%
2026-04-22,19.0,QLD,PROSHARES ULTRA QQQ ETF,CORE,,,0.0089395307518419,0.8940%
2026-04-22,20.0,SNDK,SanDisk Corp ⭐,CORE,,,0.0276810425781392,2.7681%
2026-04-22,21.0,SGOV,ISHARES 0-3 MONTH TREASURY BOND ETF,CORE,,,0.0209308888660236,2.0931%
2026-04-22,22.0,TSM,TAIWAN SEMICONDUCTOR ADR,CORE,,,0.0185586974727104,1.8559%
2026-04-22,23.0,META,META PLATFORMS INC CL A,CORE,,,0.0072783541969677,0.7278%
2026-04-22,24.0,RKLB,ROCKET LAB CORPORATION,CORE,,,0.0201306634868733,2.0131%
2026-04-22,25.0,GOOG,ALPHABET INC CL C,CORE,,,0.0068236560396917,0.6824%
2026-04-22,26.0,IREN,IRIS ENERGY LTD,CORE,,,0.0065399855416505,0.6540%
2026-04-22,27.0,SPLG,SPDR PORTFOLIO S&P 500 ETF,CORE,,,0.008983169062325,0.8983%
2026-04-22,28.0,AMD,ADVANCED MICRO DEVICES INC,CORE,,,0.0065104605300158,0.6510%
2026-04-22,29.0,BIMI,BITMINE IMMERSION TECHNOLOGI,CORE,,,0.0060791373832548,0.6079%
2026-04-22,30.0,MSTR,MICROSTRATEGY INC CL A,CORE,,,0.0096825931930542,0.9683%
2026-04-22,31.0,CRCL,CRCL Internet,CORE,,,0.0042924459618855,0.4292%
2026-04-22,32.0,INTC,INTEL CORP,CORE,,,0.0070216053817086,0.7022%
2026-04-22,33.0,SOXX,ISHARES SEMICONDUCTOR ETF,CORE,,,0.0106682604583574,1.0668%
2026-04-22,34.0,UNH,UNITEDHEALTH GROUP INC,CORE,,,0.0037486567408072,0.3749%
2026-04-22,35.0,JEPI,JP MORGAN EQUITY PREMIUM INCOME ETF,CORE,,,0.0061139667575804,0.6114%
2026-04-22,36.0,JOBY,JOBY AVIATION INC,CORE,,,0.0068567215809541,0.6857%
2026-04-22,37.0,LITE,Lumentum Holdings Inc ⭐,CORE,,,0.0034036933173743,0.3404%
2026-04-22,38.0,O,REALTY INCOME CORP,CORE,,,0.003288775369679,0.3289%
2026-04-22,39.0,SMR,NUSCALE POWER CORP,CORE,,,0.0063123401310295,0.6312%
2026-04-22,40.0,ORCL,ORACLE CORP,CORE,,,0.0031817653854635,0.3182%
2026-04-22,41.0,GLD,SPDR GOLD SHARES ETF,CORE,,,0.0029659622758521,0.2966%
2026-04-22,42.0,BRK.B,BERKSHIRE HATHAWAY INC CL B,CORE,,,0.0099049918012705,0.9905%
2026-04-22,43.0,IVV,ISHARES CORE SP 500 ETF,CORE,,,0.002918981608624,0.2919%
2026-04-22,44.0,ASML,ASML HOLDING NV ADR,CORE,,,0.0029108990577596,0.2911%
2026-04-22,45.0,TLT,ISHARES 20+ YEAR TREASURY BOND ETF,CORE,,,0.0028165342773364,0.2817%
2026-04-22,46.0,SLV,ISHARES SILVER TRUST ETF,CORE,,,0.0026971903007285,0.2697%
2026-04-22,47.0,GEV,GE Vernova ⭐,CORE,,,0.0064355444854162,0.6436%
2026-04-22,48.0,KORU,Direxion Daily MSCI South Korea Bull 2X Shares ⭐,CORE,,,0.0256371343103818,2.5637%
2026-04-22,49.0,NFLX,NETFLIX INC,CORE,,,0.0048797173587997,0.4880%
2026-04-22,50.0,CPNG,COUPANG INC,CORE,,,0.0023142174714025,0.2314%
2026-04-22,51.0,NVDL,GRANITESHARES 2.0X LONG NVDA DAILY ETF,CORE,,,0.0022909621455055,0.2291%
2026-04-22,52.0,KO,THE COCA COLA COMPANY,CORE,,,0.0050673900846644,0.5067%
2026-04-22,53.0,AMAT,APPLIED MATERIALS INC,CORE,,,0.0019867052574857,0.1987%
2026-04-22,54.0,BE,Bloom Energy Corp Class A ⭐,CORE,,,0.0019859887178806,0.1986%
2026-04-22,55.0,OKLO,OKLO INC,CORE,,,0.0241248833060595,2.4125%
2026-04-22,56.0,RGTI,RIGETTI COMPUTING INC,CORE,,,0.004018187185623,0.4018%
2026-04-22,57.0,BRK.A,BERKSHIRE HATHAWAY INC CL A,CORE,,,0.0019015425206386,0.1902%
2026-04-22,58.0,LLY,ELI LILLY & CO,CORE,,,0.0037658357673009,0.3766%
2026-04-22,59.0,PFE,PFIZER INC,CORE,,,0.0017407244209007,0.1741%
2026-04-22,60.0,COIN,COINBASE GLOBAL INC,CORE,,,0.0020291967405643,0.2029%
2026-04-22,61.0,HOOD,ROBINHOOD MARKETS INC,CORE,,,0.0202618913614272,2.0262%
2026-04-22,62.0,GRAB,GRAB HOLDINGS LTD CL A,CORE,,,0.0014807945924426,0.1481%
2026-04-22,63.0,BITO,ProShares Bitcoin Strategy ETF,CORE,,,0.0014632192532468,0.1463%
2026-04-22,64.0,VRT,Vertiv Holdings Co ⭐,CORE,,,0.0054486860148677,0.5449%
2026-04-22,65.0,BITX,2X BITCOIN STRATEGY ETF,CORE,,,0.0060158106684264,0.6016%
2026-04-22,66.0,PLUG,PLUG POWER INC,CORE,,,0.0014336889426458,0.1434%
2026-04-22,67.0,TEM,Tempus AI Inc,CORE,,,0.0013493728283951,0.1349%
2026-04-22,68.0,ASTS,AST SpaceMobile Inc Class A ⭐,CORE,,,0.0013376360936716,0.1338%
2026-04-22,69.0,PLTU,Direxion Daily PLTR Bull 2X Shares ⭐,CORE,,,0.0013313236259609,0.1331%
2026-04-22,70.0,COST,COSTCO WHOLESALE CORP,CORE,,,0.0013262495728696,0.1326%
2026-04-22,71.0,NKE,NIKE INC CL B,CORE,,,0.0048295574149672,0.4830%
2026-04-22,72.0,VTI,VANGUARD TOTAL STOCK MARKET ETF,CORE,,,0.0025557135191819,0.2556%
2026-04-22,73.0,COHR,Coherent Corp ⭐,CORE,,,0.010022121226255,1.0022%
2026-04-22,74.0,CRWV,CoreWeave Inc ⭐,CORE,,,0.0011372198244603,0.1137%
2026-04-22,75.0,BITU,PROSHARES ULTRA BITCOIN ETF,CORE,,,0.0024778772234583,0.2478%
2026-04-22,76.0,QBTS,D-Wave Quantum Inc ⭐,CORE,,,0.000977040555591,0.0977%
2026-04-22,77.0,JNJ,JOHNSON & JOHNSON,CORE,,,0.0018805978486326,0.1881%
2026-04-22,78.0,LAES,SEALSQ Corp ⭐,CORE,,,0.0009103852655153,0.0910%
2026-04-22,79.0,NVD,GRANITESHARES 2X SHORT NVDA DAILY ETF,CORE,,,0.0008818995333238,0.0882%
2026-04-22,80.0,RXRX,Recursion Pharmaceuticals Inc ⭐,CORE,,,0.0008798139792262,0.0880%
2026-04-22,81.0,SSO,ProShares Ultra S&P 500 ETF ⭐,CORE,,,0.0008565086808887,0.0857%
2026-04-22,82.0,RDW,Redwire Corp ⭐,CORE,,,0.0065123168814558,0.6512%
2026-04-22,83.0,QYLD,GLOBAL X NASDAQ 100 COVERED CALL ETF,CORE,,,0.0008328964159902,0.0833%
2026-04-22,84.0,MUU,Direxion Daily MU Bull 2X Shares ⭐,CORE,,,0.0008320576044352,0.0832%
2026-04-22,85.0,BMNR,T-Rex 2X Long BMNR Daily Target ETF ⭐,CORE,,,0.0008255978613986,0.0826%
2026-04-22,86.0,SNPS,Synopsys Inc ⭐,CORE,,,0.00080580199595,0.0806%
2026-04-22,87.0,BIL,SPDR Bloomberg 1-3 Month T-Bill ETF ⭐,CORE,,,0.0024517260628195,0.2452%
2026-04-22,88.0,OXY,OCCIDENTAL PETROLEUM CORP,CORE,,,0.0009162620323787,0.0916%
2026-04-22,89.0,JPM,JPMorgan Chase & Co ⭐,CORE,,,0.0007877772332007,0.0788%
2026-04-22,90.0,BOXX,Alpha Architect 1-3 Month Box ETF ⭐,CORE,,,0.0007772318081282,0.0777%
2026-04-22,91.0,NVO,Novo Nordisk A/S ADR ⭐,CORE,,,0.0007744308957259,0.0774%
2026-04-22,92.0,LUNR,Intuitive Machines Inc ⭐,CORE,,,0.0089059166013158,0.8906%
2026-04-22,93.0,SNDU,TRADR 2X Long SNDK Daily ETF ⭐,CORE,,,0.0007627843319701,0.0763%
2026-04-22,94.0,VT,VANGUARD TOTAL WORLD STOCK ETF,CORE,,,0.0011764758818431,0.1176%
2026-04-22,95.0,ARM,ARM HOLDINGS PLC ADR,CORE,,,0.0085175371381898,0.8518%
2026-04-22,96.0,QCOM,QUALCOMM INC,CORE,,,0.0092272220260769,0.9227%
2026-04-22,97.0,BA,BOEING CO,CORE,,,0.0007290827122057,0.0729%
2026-04-22,98.0,AAOI,Applied Optoelectronics Inc ⭐,CORE,,,0.0007243832833112,0.0724%
2026-04-22,99.0,XOM,EXXON MOBIL CORP,CORE,,,0.0026488386707506,0.2649%
2026-04-22,100.0,SOFI,SOFI TECHNOLOGIES INC,CORE,,,0.0006948491298074,0.0695%
2026-01-12,1.0,TSLA,TESLA INC,CORE,0.1709776069773781,17.0978%,,
2026-01-12,2.0,NVDA,NVIDIA CORP,CORE,0.1087149763640552,10.8715%,,
2026-01-12,3.0,GOOGL,ALPHABET INC CL A,CORE,0.0493428801531666,4.9343%,,
2026-01-12,4.0,PLTR,PALANTIR TECHNOLOGIES INC CL A,CORE,0.044751776465266,4.4752%,,
2026-01-12,5.0,AAPL,APPLE INC,CORE,0.0249727523182107,2.4973%,,
2026-01-12,6.0,IONQ,IONQ INC,CORE,0.027126102205757,2.7126%,,
2026-01-12,7.0,QQQ,INVESCO QQQ TRUST SRS 1 ETF,CORE,0.0239484880233327,2.3948%,,
2026-01-12,8.0,VOO,VANGUARD SP 500 ETF,CORE,0.0233682351856277,2.3368%,,
2026-01-12,9.0,TQQQ,PROSHARES ULTRAPRO QQQ ETF,CORE,0.0275203529673044,2.752%,,
2026-01-12,10.0,MSFT,MICROSOFT CORP,CORE,0.0217607335405606,2.1761%,,
2026-01-12,11.0,SOXL,DIREXION DAILY SEMICONDUCTORS BULL 3X SHS ETF,CORE,0.0789723768029783,7.8972%,,
2026-01-12,12.0,AVGO,BROADCOM INC,CORE,0.0203209871875474,2.0321%,,
2026-01-12,13.0,TSLL,DIREXION DAILY TSLA BULL 2X SHARES,CORE,0.0273856965990524,2.7386%,,
2026-01-12,14.0,SPY,SPDR SP 500 ETF TRUST,CORE,0.0158532725865118,1.5853%,,
2026-01-12,15.0,SCHD,SCHWAB US DIVIDEND EQUITY ETF,CORE,0.0146642874696982,1.4664%,,
2026-01-12,16.0,AMZN,AMAZON.COM INC,CORE,0.0144184679306834,1.4418%,,
2026-01-12,17.0,META,META PLATFORMS INC CL A,CORE,0.0120328134924066,1.2033%,,
2026-01-12,18.0,QQQM,INVESCO NASDAQ 100 ETF,CORE,0.0115213190588525,1.1521%,,
2026-01-12,19.0,SGOV,ISHARES 0-3 MONTH TREASURY BOND ETF,CORE,0.0124481492554792,1.2448%,,
2026-01-12,20.0,QLD,PROSHARES ULTRA QQQ ETF,CORE,0.0077334744246115,0.7733%,,
2026-01-12,21.0,IREN,IRIS ENERGY LTD,CORE,0.0111123500756789,1.1112%,,
2026-01-12,22.0,MU,MICRON TECHNOLOGY INC,CORE,0.0166737006668591,1.6674%,,
2026-01-12,23.0,RKLB,ROCKET LAB CORPORATION,CORE,0.011297699508517,1.1298%,,
2026-01-12,24.0,TSM,TAIWAN SEMICONDUCTOR MANUFACTURING CO LTD ADR,CORE,0.0086531309403294,0.8653%,,
2026-01-12,25.0,GOOG,ALPHABET INC CL C,CORE,0.0084022346016981,0.8402%,,
2026-01-12,26.0,JEPQ,J.P. MORGAN NASDAQ EQUITY PREMIUM INCOME ETF,CORE,0.0054652881015714,0.5465%,,
2026-01-12,27.0,SPLG,SPDR PORTFOLIO SP 500 ETF,CORE,0.0052023641731214,0.5202%,,
2026-01-12,28.0,JOBY,JOBY AVIATION INC,CORE,0.0048896293265541,0.489%,,
2026-01-12,29.0,AMD,ADVANCED MICRO DEVICES INC,CORE,0.0076987943497266,0.7699%,,
2026-01-12,30.0,UNH,UNITEDHEALTH GROUP INC,CORE,0.0067436757784505,0.6744%,,
2026-01-12,31.0,TLT,ISHARES 20+ YEAR TREASURY BOND ETF,CORE,0.0038363659457607,0.3836%,,
2026-01-12,32.0,O,REALTY INCOME CORP,CORE,0.0037928043608375,0.3793%,,
2026-01-12,33.0,MSTR,MICROSTRATEGY INC CL A,CORE,0.00370698308082,0.3707%,,
2026-01-12,34.0,SMR,NUSCALE POWER CORP,CORE,0.0072817767778202,0.7282%,,
2026-01-12,35.0,JEPI,JP MORGAN EQUITY PREMIUM INCOME ETF,CORE,0.0035882526951163,0.3588%,,
2026-01-12,36.0,TMF,DIREXION DAILY 20 YEAR PLUS TREASURY BULL 3X SHS ETF,CORE,0.0035146538921081,0.3515%,,
2026-01-12,37.0,NVDL,GRANITESHARES 2.0X LONG NVDA DAILY ETF,CORE,0.0079226389172341,0.7923%,,
2026-01-12,38.0,BRK.B,BERKSHIRE HATHAWAY INC CL B,CORE,0.0032202421436476,0.322%,,
2026-01-12,39.0,ORCL,ORACLE CORP,CORE,0.0051230831756863,0.5123%,,
2026-01-12,40.0,GLD,SPDR GOLD SHARES ETF,CORE,0.0055919283852561,0.5592%,,
2026-01-12,41.0,INTC,INTEL CORP,CORE,0.0067934987302588,0.6793%,,
2026-01-12,42.0,ETHU,Volatility Shares 2x Ether ETF,CORE,0.0057336038633688,0.5734%,,
2026-01-12,43.0,CRCL,CRCL Internet,CORE,0.0028823146576797,0.2882%,,
2026-01-12,44.0,SOXX,ISHARES SEMICONDUCTOR ETF,CORE,0.0051169891634723,0.5117%,,
2026-01-12,45.0,IVV,ISHARES CORE SP 500 ETF,CORE,0.0028313910216221,0.2831%,,
2026-01-12,46.0,RGTI,RIGETTI COMPUTING INC,CORE,0.0028239604466474,0.2824%,,
2026-01-12,47.0,ASML,ASML HOLDING NV ADR,CORE,0.002679561463914,0.268%,,
2026-01-12,48.0,NFLX,NETFLIX INC,CORE,0.0046128976181481,0.4613%,,
2026-01-12,49.0,SMH,VANECK SEMICONDUCTOR ETF,CORE,0.0023636546853996,0.2364%,,
2026-01-12,50.0,AGQ,AGQ,SATELLITE,0.0097246550816067,0.9725%,,
2026-01-12,51.0,SLV,ISHARES SILVER TRUST ETF,SATELLITE,0.0091839596166288,0.9184%,,
2026-01-12,52.0,SNDK,SNDK,SATELLITE,0.0076046786024073,0.7605%,,
2026-01-12,53.0,SOXS,DIREXION DAILY SEMICONDUCTOR BEAR 3X ETF,SATELLITE,0.0069200832382357,0.692%,,
2026-01-12,54.0,ASTS,ASTS,SATELLITE,0.004519924624144,0.452%,,
2026-01-12,55.0,IONZ,IONZ,SATELLITE,0.0043859207717942,0.4386%,,
2026-01-12,56.0,BE,BE,SATELLITE,0.004174940321789,0.4175%,,
2026-01-12,57.0,PLTU,PLTU,SATELLITE,0.0040012301211583,0.4001%,,
2026-01-12,58.0,ZSL,ZSL,SATELLITE,0.0038443417125687,0.3844%,,
2026-01-12,59.0,BMNR,BMNR,SATELLITE,0.003656985926651,0.3657%,,
2026-01-12,60.0,RDW,RDW,SATELLITE,0.0034245222636166,0.3425%,,
2026-01-12,61.0,LLY,ELI LILLY & CO,SATELLITE,0.0032939921983407,0.3294%,,
2026-01-12,62.0,SQQQ,PROSHARES ULTRAPRO SHORT QQQ,SATELLITE,0.003193628692368,0.3194%,,
2026-01-12,63.0,APP,APP,SATELLITE,0.0031212956266962,0.3121%,,
2026-01-12,64.0,OKLO,OKLO INC,SATELLITE,0.0030198669235804,0.302%,,
2026-01-12,65.0,JPM,JPM,SATELLITE_EST,0.0011042042997682,0.1104%,,
2026-01-12,66.0,VTI,VANGUARD TOTAL STOCK MARKET ETF,SATELLITE_EST,0.0010495757652351,0.105%,,
2026-01-12,67.0,XOM,EXXON MOBIL CORP,SATELLITE_EST,0.0009976498798276,0.0998%,,
2026-01-12,68.0,V,VISA INC CL A,SATELLITE_EST,0.0009482929348097,0.0948%,,
2026-01-12,69.0,JNJ,JOHNSON & JOHNSON,SATELLITE_EST,0.0009013778364465,0.0901%,,
2026-01-12,70.0,MA,MASTERCARD INC CL A,SATELLITE_EST,0.0008567837787381,0.0857%,,
2026-01-12,71.0,COST,COSTCO WHOLESALE CORP,SATELLITE_EST,0.0008143959323459,0.0814%,,
2026-01-12,72.0,BAC,BAC,SATELLITE_EST,0.0007741051489074,0.0774%,,
2026-01-12,73.0,BABA,ALIBABA GROUP HOLDING LTD ADR,SATELLITE_EST,0.0007358076799805,0.0736%,,
2026-01-12,74.0,KO,THE COCA COLA COMPANY,SATELLITE_EST,0.0006994049098917,0.0699%,,
2026-01-12,75.0,AMAT,APPLIED MATERIALS INC,SATELLITE_EST,0.0006648031018018,0.0665%,,
2026-01-12,76.0,AZN,AZN,SATELLITE_EST,0.0006319131563341,0.0632%,,
2026-01-12,77.0,MRK,MERCK & CO INC,SATELLITE_EST,0.0006006503821446,0.0601%,,
2026-01-12,78.0,GEV,GEV,SATELLITE_EST,0.000570934277842,0.0571%,,
2026-01-12,79.0,WFC,WFC,SATELLITE_EST,0.0005426883246975,0.0543%,,
2026-01-12,80.0,ARM,ARM HOLDINGS PLC ADR,SATELLITE_EST,0.0005158397896097,0.0516%,,
2026-01-12,81.0,DIS,WALT DISNEY CO,SATELLITE_EST,0.0004903195378174,0.049%,,
2026-01-12,82.0,T,AT AND T INC,SATELLITE_EST,0.0004660618548781,0.0466%,,
2026-01-12,83.0,NVO,NVO,SATELLITE_EST,0.0004430042774542,0.0443%,,
2026-01-12,84.0,CRM,CRM,SATELLITE_EST,0.0004210874324697,0.0421%,,
2026-01-12,85.0,BA,BOEING CO,SATELLITE_EST,0.0004002548842257,0.04%,,
2026-01-12,86.0,SHOP,SHOP,SATELLITE_EST,0.0003804529890786,0.038%,,
2026-01-12,87.0,GILD,GILEAD SCIENCES INC,SATELLITE_EST,0.0003616307573082,0.0362%,,
2026-01-12,88.0,UBER,UBER TECHNOLOGIES INC,SATELLITE_EST,0.0003437397218196,0.0344%,,
2026-01-12,89.0,PFE,PFIZER INC,SATELLITE_EST,0.0003267338133407,0.0327%,,
2026-01-12,90.0,QCOM,QUALCOMM INC,SATELLITE_EST,0.0003105692417945,0.0311%,,
2026-01-12,91.0,DELL,DELL,SATELLITE_EST,0.0002952043835397,0.0295%,,
2026-01-12,92.0,VRT,VRT,SATELLITE_EST,0.0002805996741903,0.0281%,,
2026-01-12,93.0,SBUX,STARBUCKS CORP,SATELLITE_EST,0.0002667175067375,0.0267%,,
2026-01-12,94.0,ADBE,ADOBE INC,SATELLITE_EST,0.0002535221347122,0.0254%,,
2026-01-12,95.0,SNPS,SNPS,SATELLITE_EST,0.0002409795801379,0.0241%,,
2026-01-12,96.0,CVNA,CVNA,SATELLITE_EST,0.0002290575460377,0.0229%,,
2026-01-12,97.0,ABNB,AIRBNB INC CL A,SATELLITE_EST,0.0002177253332702,0.0218%,,
2026-01-12,98.0,IAU,ISHARES GOLD TRUST,SATELLITE_EST,0.0002069537614788,0.0207%,,
2026-01-12,99.0,SPG,SPG,SATELLITE_EST,0.0001967150939532,0.0197%,,
2026-01-05,1.0,TSLA,TESLA INC,CORE,0.1716530161532487,17.1653%,,
2026-01-05,2.0,NVDA,NVIDIA CORP,CORE,0.1109638987789836,11.0964%,,
2026-01-05,3.0,GOOGL,ALPHABET INC CL A,CORE,0.0474015120899963,4.7402%,,
2026-01-05,4.0,PLTR,PALANTIR TECHNOLOGIES INC CL A,CORE,0.0434961472356787,4.3496%,,
2026-01-05,5.0,AAPL,APPLE INC,CORE,0.0258727475616917,2.5873%,,
2026-01-05,6.0,QQQ,INVESCO QQQ TRUST SRS 1 ETF,CORE,0.0236635489025667,2.3664%,,
2026-01-05,7.0,IONQ,IONQ INC,CORE,0.0264657005213617,2.6466%,,
2026-01-05,8.0,SOXL,DIREXION DAILY SEMICONDUCTORS BULL 3X SHS ETF,CORE,0.0821724255805907,8.2172%,,
2026-01-05,9.0,VOO,VANGUARD SP 500 ETF,CORE,0.0227235434428535,2.2724%,,
2026-01-05,10.0,TQQQ,PROSHARES ULTRAPRO QQQ ETF,CORE,0.0269820211173926,2.6982%,,
2026-01-05,11.0,MSFT,MICROSOFT CORP,CORE,0.0217514907305702,2.1751%,,
2026-01-05,12.0,AVGO,BROADCOM INC,CORE,0.0199975193574129,1.9998%,,
2026-01-05,13.0,SPY,SPDR SP 500 ETF TRUST,CORE,0.0156641146239923,1.5664%,,
2026-01-05,14.0,TSLL,DIREXION DAILY TSLA BULL 2X SHARES,CORE,0.0261060521794382,2.6106%,,
2026-01-05,15.0,SCHD,SCHWAB US DIVIDEND EQUITY ETF,CORE,0.0145245041263532,1.4525%,,
2026-01-05,16.0,AMZN,AMAZON.COM INC,CORE,0.0138276677871941,1.3828%,,
2026-01-05,17.0,META,META PLATFORMS INC CL A,CORE,0.0125029268949491,1.2503%,,
2026-01-05,18.0,QQQM,INVESCO NASDAQ 100 ETF,CORE,0.0111750577199221,1.1175%,,
2026-01-05,19.0,SGOV,ISHARES 0-3 MONTH TREASURY BOND ETF,CORE,0.0121466377629784,1.2147%,,
2026-01-05,20.0,QLD,PROSHARES ULTRA QQQ ETF,CORE,0.0074933149283929,0.7493%,,
2026-01-05,21.0,IREN,IRIS ENERGY LTD,CORE,0.010843815559909,1.0844%,,
2026-01-05,22.0,TSM,TAIWAN SEMICONDUCTOR MANUFACTURING CO LTD ADR,CORE,0.0084166051378856,0.8417%,,
2026-01-05,23.0,RKLB,ROCKET LAB CORPORATION,CORE,0.0107685028686803,1.0769%,,
2026-01-05,24.0,GOOG,ALPHABET INC CL C,CORE,0.008106530997581,0.8107%,,
2026-01-05,25.0,BIMI,BITMINE IMMERSION TECHNOLOGI,CORE,0.0056570604446093,0.5657%,,
2026-01-05,26.0,MU,MICRON TECHNOLOGY INC,CORE,0.0153009924063185,1.5301%,,
2026-01-05,27.0,JEPQ,J.P. MORGAN NASDAQ EQUITY PREMIUM INCOME ETF,CORE,0.0053024109105763,0.5302%,,
2026-01-05,28.0,JOBY,JOBY AVIATION INC,CORE,0.0051926922155359,0.5193%,,
2026-01-05,29.0,SPLG,SPDR PORTFOLIO SP 500 ETF,CORE,0.0049234258909056,0.4923%,,
2026-01-05,30.0,AMD,ADVANCED MICRO DEVICES INC,CORE,0.0079387414030591,0.7939%,,
2026-01-05,31.0,UNH,UNITEDHEALTH GROUP INC,CORE,0.0069145257535313,0.6915%,,
2026-01-05,32.0,TLT,ISHARES 20+ YEAR TREASURY BOND ETF,CORE,0.0039261082297543,0.3926%,,
2026-01-05,33.0,O,REALTY INCOME CORP,CORE,0.0038571256679471,0.3857%,,
2026-01-05,34.0,NVDL,GRANITESHARES 2.0X LONG NVDA DAILY ETF,CORE,0.0081264182960393,0.8126%,,
2026-01-05,35.0,MSTR,MICROSTRATEGY INC CL A,CORE,0.003685406043935,0.3685%,,
2026-01-05,36.0,TMF,DIREXION DAILY 20 YEAR PLUS TREASURY BULL 3X SHS ETF,CORE,0.0036185545144823,0.3619%,,
2026-01-05,37.0,JEPI,JP MORGAN EQUITY PREMIUM INCOME ETF,CORE,0.0035442354987616,0.3544%,,
2026-01-05,38.0,ETHU,Volatility Shares 2x Ether ETF,CORE,0.0061295683017129,0.613%,,
2026-01-05,39.0,BRK.B,BERKSHIRE HATHAWAY INC CL B,CORE,0.0032276094313742,0.3228%,,
2026-01-05,40.0,SMR,NUSCALE POWER CORP,CORE,0.0068383236639916,0.6838%,,
2026-01-05,41.0,GLD,SPDR GOLD SHARES ETF,CORE,0.0055095094152018,0.551%,,
2026-01-05,42.0,ORCL,ORACLE CORP,CORE,0.0049713558951876,0.4971%,,
2026-01-05,43.0,RGTI,RIGETTI COMPUTING INC,CORE,0.0029390542369956,0.2939%,,
2026-01-05,44.0,IVV,ISHARES CORE SP 500 ETF,CORE,0.0027919217201057,0.2792%,,
2026-01-05,45.0,SOXX,ISHARES SEMICONDUCTOR ETF,CORE,0.0050092050587387,0.5009%,,
2026-01-05,46.0,INTC,INTEL CORP,CORE,0.0064975313639561,0.6498%,,
2026-01-05,47.0,LLY,ELI LILLY & CO,CORE,0.0045739696681222,0.4574%,,
2026-01-05,48.0,ASML,ASML HOLDING NV ADR,CORE,0.0026034379922867,0.2603%,,
2026-01-05,49.0,NFLX,NETFLIX INC,CORE,0.0046129405362485,0.4613%,,
2026-01-05,50.0,AGQ,AGQ,SATELLITE,0.009744298140942,0.9744%,,
2026-01-05,51.0,SLV,ISHARES SILVER TRUST ETF,SATELLITE,0.0092042629595513,0.9204%,,
2026-01-05,52.0,SNDK,SNDK,SATELLITE,0.0076266108003793,0.7627%,,
2026-01-05,53.0,SOXS,DIREXION DAILY SEMICONDUCTOR BEAR 3X ETF,SATELLITE,0.00694266448893,0.6943%,,
2026-01-05,54.0,ASTS,ASTS,SATELLITE,0.0045448235705752,0.4545%,,
2026-01-05,55.0,IONZ,IONZ,SATELLITE,0.0044107838474727,0.4411%,,
2026-01-05,56.0,BE,BE,SATELLITE,0.0041997910907874,0.42%,,
2026-01-05,57.0,PLTU,PLTU,SATELLITE,0.0040259822998355,0.4026%,,
2026-01-05,58.0,ZSL,ZSL,SATELLITE,0.0038689350275208,0.3869%,,
2026-01-05,59.0,BMNR,BMNR,SATELLITE,0.0036814128681223,0.3681%,,
2026-01-05,60.0,RDW,RDW,SATELLITE,0.0034487946712257,0.3449%,,
2026-01-05,61.0,SQQQ,PROSHARES ULTRAPRO SHORT QQQ,SATELLITE,0.0032845685938539,0.3285%,,
2026-01-05,62.0,APP,APP,SATELLITE,0.0032085561315323,0.3209%,,
2026-01-05,63.0,OKLO,OKLO INC,SATELLITE,0.0031036188795727,0.3104%,,
2026-01-05,64.0,JPM,JPM,SATELLITE_EST,0.0011864200218859,0.1186%,,
2026-01-05,65.0,VTI,VANGUARD TOTAL STOCK MARKET ETF,SATELLITE_EST,0.0011285040237035,0.1129%,,
2026-01-05,66.0,XOM,EXXON MOBIL CORP,SATELLITE_EST,0.0010734152391416,0.1073%,,
2026-01-05,67.0,V,VISA INC CL A,SATELLITE_EST,0.0010210156556111,0.1021%,,
2026-01-05,68.0,JNJ,JOHNSON & JOHNSON,SATELLITE_EST,0.0009711739977128,0.0971%,,
2026-01-05,69.0,MA,MASTERCARD INC CL A,SATELLITE_EST,0.0009237653983561,0.0924%,,
2026-01-05,70.0,COST,COSTCO WHOLESALE CORP,SATELLITE_EST,0.0008786710859328,0.0879%,,
2026-01-05,71.0,BAC,BAC,SATELLITE_EST,0.0008357780867614,0.0836%,,
2026-01-05,72.0,BABA,ALIBABA GROUP HOLDING LTD ADR,SATELLITE_EST,0.0007949789420564,0.0795%,,
2026-01-05,73.0,KO,THE COCA COLA COMPANY,SATELLITE_EST,0.0007561714387154,0.0756%,,
2026-01-05,74.0,AMAT,APPLIED MATERIALS INC,SATELLITE_EST,0.0007192583532463,0.0719%,,
2026-01-05,75.0,AZN,AZN,SATELLITE_EST,0.0006841472081957,0.0684%,,
2026-01-05,76.0,MRK,MERCK & CO INC,SATELLITE_EST,0.0006507500404681,0.0651%,,
2026-01-05,77.0,GEV,GEV,SATELLITE_EST,0.0006189831809532,0.0619%,,
2026-01-05,78.0,WFC,WFC,SATELLITE_EST,0.0005887670449122,0.0589%,,
2026-01-05,79.0,ARM,ARM HOLDINGS PLC ADR,SATELLITE_EST,0.0005600259325962,0.056%,,
2026-01-05,80.0,DIS,WALT DISNEY CO,SATELLITE_EST,0.0005326878395971,0.0533%,,
2026-01-05,81.0,T,AT AND T INC,SATELLITE_EST,0.0005066842764569,0.0507%,,
2026-01-05,82.0,NVO,NVO,SATELLITE_EST,0.0004819500970829,0.0482%,,
2026-01-05,83.0,CRM,CRM,SATELLITE_EST,0.0004584233355383,0.0458%,,
2026-01-05,84.0,BA,BOEING CO,SATELLITE_EST,0.000436045050801,0.0436%,,
2026-01-05,85.0,SHOP,SHOP,SATELLITE_EST,0.0004147591790997,0.0415%,,
2026-01-05,86.0,GILD,GILEAD SCIENCES INC,SATELLITE_EST,0.0003945123934591,0.0395%,,
2026-01-05,87.0,UBER,UBER TECHNOLOGIES INC,SATELLITE_EST,0.0003752539701006,0.0375%,,
2026-01-05,88.0,PFE,PFIZER INC,SATELLITE_EST,0.0003569356613656,0.0357%,,
2026-01-05,89.0,QCOM,QUALCOMM INC,SATELLITE_EST,0.0003395115748418,0.034%,,
2026-01-05,90.0,DELL,DELL,SATELLITE_EST,0.0003229380583901,0.0323%,,
2026-01-05,91.0,VRT,VRT,SATELLITE_EST,0.0003071735907835,0.0307%,,
2026-01-05,92.0,SBUX,STARBUCKS CORP,SATELLITE_EST,0.0002921786776859,0.0292%,,
2026-01-05,93.0,ADBE,ADOBE INC,SATELLITE_EST,0.0002779157527068,0.0278%,,
2026-01-05,94.0,SNPS,SNPS,SATELLITE_EST,0.0002643490832882,0.0264%,,
2026-01-05,95.0,CVNA,CVNA,SATELLITE_EST,0.0002514446811837,0.0251%,,
2026-01-05,96.0,ABNB,AIRBNB INC CL A,SATELLITE_EST,0.0002391702173094,0.0239%,,
2026-01-05,97.0,IAU,ISHARES GOLD TRUST,SATELLITE_EST,0.0002274949407501,0.0227%,,
2026-01-05,98.0,SPG,SPG,SATELLITE_EST,0.0002163896017201,0.0216%,,
2026-01-05,99.0,HOOD,ROBINHOOD MARKETS INC,SATELLITE_EST,0.0002058263782843,0.0206%,,
2025-12-29,1.0,TSLA,TESLA INC,CORE,0.1781436835259691,17.8144%,,
2025-12-29,2.0,NVDA,NVIDIA CORP,CORE,0.1142051308575992,11.4205%,,
2025-12-29,3.0,PLTR,PALANTIR TECHNOLOGIES INC CL A,CORE,0.0424767259470693,4.2477%,,
2025-12-29,4.0,GOOGL,ALPHABET INC CL A,CORE,0.0482126017420725,4.8213%,,
2025-12-29,5.0,AAPL,APPLE INC,CORE,0.0265070120199983,2.6507%,,
2025-12-29,6.0,QQQ,INVESCO QQQ TRUST SRS 1 ETF,CORE,0.0321545975091997,3.2155%,,
2025-12-29,7.0,IONQ,IONQ INC,CORE,0.0247147209619652,2.4715%,,
2025-12-29,8.0,TQQQ,PROSHARES ULTRAPRO QQQ ETF,CORE,0.0255587727485209,2.5559%,,
2025-12-29,9.0,MSFT,MICROSOFT CORP,CORE,0.0217524947906856,2.1752%,,
2025-12-29,10.0,VOO,VANGUARD SP 500 ETF,CORE,0.0230506696819282,2.3051%,,
2025-12-29,11.0,AVGO,BROADCOM INC,CORE,0.0232104014914399,2.321%,,
2025-12-29,12.0,SOXL,DIREXION DAILY SEMICONDUCTORS BULL 3X SHS ETF,CORE,0.0672998470351353,6.73%,,
2025-12-29,13.0,TSLL,DIREXION DAILY TSLA BULL 2X SHARES,CORE,0.0321577049622388,3.2158%,,
2025-12-29,14.0,SPY,SPDR SP 500 ETF TRUST,CORE,0.027763048391591,2.7763%,,
2025-12-29,15.0,SCHD,SCHWAB US DIVIDEND EQUITY ETF,CORE,0.0124670355424379,1.2467%,,
2025-12-29,16.0,AMZN,AMAZON.COM INC,CORE,0.0128211132387516,1.2821%,,
2025-12-29,17.0,META,META PLATFORMS INC CL A,CORE,0.0135720771176554,1.3572%,,
2025-12-29,18.0,QQQM,INVESCO NASDAQ 100 ETF,CORE,0.0110945373481533,1.1095%,,
2025-12-29,19.0,SGOV,ISHARES 0-3 MONTH TREASURY BOND ETF,CORE,0.0142931273256273,1.4293%,,
2025-12-29,20.0,QLD,PROSHARES ULTRA QQQ ETF,CORE,0.0094938734447661,0.9494%,,
2025-12-29,21.0,GOOG,ALPHABET INC CL C,CORE,0.0084233178949161,0.8423%,,
2025-12-29,22.0,TSM,TAIWAN SEMICONDUCTOR MANUFACTURING CO LTD ADR,CORE,0.0060037483348914,0.6004%,,
2025-12-29,23.0,RKLB,ROCKET LAB CORPORATION,CORE,0.0095917472498017,0.9592%,,
2025-12-29,24.0,IREN,IRIS ENERGY LTD,CORE,0.0102304530209404,1.023%,,
2025-12-29,25.0,JEPQ,J.P. MORGAN NASDAQ EQUITY PREMIUM INCOME ETF,CORE,0.0051676507730848,0.5168%,,
2025-12-29,26.0,BIMI,BITMINE IMMERSION TECHNOLOGI,CORE,0.0089403472606812,0.894%,,
2025-12-29,27.0,MU,MICRON TECHNOLOGY INC,CORE,0.0090230964363455,0.9023%,,
2025-12-29,28.0,SPLG,SPDR PORTFOLIO SP 500 ETF,CORE,0.0048174766666342,0.4817%,,
2025-12-29,29.0,AMD,ADVANCED MICRO DEVICES INC,CORE,0.0067453693724985,0.6745%,,
2025-12-29,30.0,JOBY,JOBY AVIATION INC,CORE,0.0044120230181827,0.4412%,,
2025-12-29,31.0,UNH,UNITEDHEALTH GROUP INC,CORE,0.0044093954392515,0.4409%,,
2025-12-29,32.0,TLT,ISHARES 20+ YEAR TREASURY BOND ETF,CORE,0.0040310665491069,0.4031%,,
2025-12-29,33.0,NVDL,GRANITESHARES 2.0X LONG NVDA DAILY ETF,CORE,0.0102494820100183,1.0249%,,
2025-12-29,34.0,TMF,DIREXION DAILY 20 YEAR PLUS TREASURY BULL 3X SHS ETF,CORE,0.0038371621610039,0.3837%,,
2025-12-29,35.0,O,REALTY INCOME CORP,CORE,0.0037978136679028,0.3798%,,
2025-12-29,36.0,MSTR,MICROSTRATEGY INC CL A,CORE,0.0055600737168718,0.556%,,
2025-12-29,37.0,JEPI,JP MORGAN EQUITY PREMIUM INCOME ETF,CORE,0.0035390541946258,0.3539%,,
2025-12-29,38.0,BRK.B,BERKSHIRE HATHAWAY INC CL B,CORE,0.0032975343634189,0.3298%,,
2025-12-29,39.0,ORCL,ORACLE CORP,CORE,0.0073144667024486,0.7314%,,
2025-12-29,40.0,GLD,SPDR GOLD SHARES ETF,CORE,0.0029256956083271,0.2926%,,
2025-12-29,41.0,ETHU,Volatility Shares 2x Ether ETF,CORE,0.0076928859649905,0.7693%,,
2025-12-29,42.0,IVV,ISHARES CORE SP 500 ETF,CORE,0.0028219153340635,0.2822%,,
2025-12-29,43.0,LLY,ELI LILLY & CO,CORE,0.0047405445461849,0.4741%,,
2025-12-29,44.0,RGTI,RIGETTI COMPUTING INC,CORE,0.002644308791856,0.2644%,,
2025-12-29,45.0,SOXX,ISHARES SEMICONDUCTOR ETF,CORE,0.0026217052578281,0.2622%,,
2025-12-29,46.0,NFLX,NETFLIX INC,CORE,0.0046458848492759,0.4646%,,
2025-12-29,47.0,SMR,NUSCALE POWER CORP,CORE,0.0056886996433024,0.5689%,,
2025-12-29,48.0,INTC,INTEL CORP,CORE,0.0024744748292947,0.2474%,,
2025-12-29,49.0,HOOD,ROBINHOOD MARKETS INC,CORE,0.0041138117220803,0.4114%,,
2025-12-29,50.0,SOXS,DIREXION DAILY SEMICONDUCTOR BEAR 3X ETF,SATELLITE,0.0083936095138985,0.8394%,,
2025-12-29,51.0,BMNR,BMNR,SATELLITE,0.0071754984822978,0.7175%,,
2025-12-29,52.0,CRCL,CRCL Internet,SATELLITE,0.0046737419493769,0.4674%,,
2025-12-29,53.0,SLV,ISHARES SILVER TRUST ETF,SATELLITE,0.0044073948264326,0.4407%,,
2025-12-29,54.0,UVIX,UVIX,SATELLITE,0.0040728103297564,0.4073%,,
2025-12-29,55.0,SQQQ,PROSHARES ULTRAPRO SHORT QQQ,SATELLITE,0.0039599685057335,0.396%,,
2025-12-29,56.0,SNDK,SNDK,SATELLITE,0.0037741534206521,0.3774%,,
2025-12-29,57.0,BITX,2X BITCOIN STRATEGY ETF,SATELLITE,0.0036527958338192,0.3653%,,
2025-12-29,58.0,IONZ,IONZ,SATELLITE,0.003451203813236,0.3451%,,
2025-12-29,59.0,OKLO,OKLO INC,SATELLITE,0.0033184837706645,0.3318%,,
2025-12-29,60.0,BE,BE,SATELLITE,0.0032296828073223,0.323%,,
2025-12-29,61.0,LITE,LITE,SATELLITE,0.0031469791450074,0.3147%,,
2025-12-29,62.0,ORCU,ORCU,SATELLITE,0.0030403466625381,0.304%,,
2025-12-29,63.0,AGQ,AGQ,SATELLITE,0.0029058621524075,0.2906%,,
2025-12-29,64.0,JPM,JPM,SATELLITE_EST,0.0011790994389032,0.1179%,,
2025-12-29,65.0,VTI,VANGUARD TOTAL STOCK MARKET ETF,SATELLITE_EST,0.0011211748173618,0.1121%,,
2025-12-29,66.0,XOM,EXXON MOBIL CORP,SATELLITE_EST,0.0010660958097441,0.1066%,,
2025-12-29,67.0,V,VISA INC CL A,SATELLITE_EST,0.0010137226219799,0.1014%,,
2025-12-29,68.0,ASML,ASML HOLDING NV ADR,SATELLITE_EST,0.0009639223275444,0.0964%,,
2025-12-29,69.0,JNJ,JOHNSON & JOHNSON,SATELLITE_EST,0.0009165685300816,0.0917%,,
2025-12-29,70.0,MA,MASTERCARD INC CL A,SATELLITE_EST,0.0008715410426026,0.0872%,,
2025-12-29,71.0,COST,COSTCO WHOLESALE CORP,SATELLITE_EST,0.000828725582443,0.0829%,,
2025-12-29,72.0,BAC,BAC,SATELLITE_EST,0.0007880134812064,0.0788%,,
2025-12-29,73.0,BABA,ALIBABA GROUP HOLDING LTD ADR,SATELLITE_EST,0.0007493014089567,0.0749%,,
2025-12-29,74.0,KO,THE COCA COLA COMPANY,SATELLITE_EST,0.0007124911119603,0.0712%,,
2025-12-29,75.0,AMAT,APPLIED MATERIALS INC,SATELLITE_EST,0.0006774891633119,0.0677%,,
2025-12-29,76.0,AZN,AZN,SATELLITE_EST,0.0006442067258105,0.0644%,,
2025-12-29,77.0,MRK,MERCK & CO INC,SATELLITE_EST,0.0006125593264854,0.0613%,,
2025-12-29,78.0,GEV,GEV,SATELLITE_EST,0.000582466642198,0.0582%,,
2025-12-29,79.0,WFC,WFC,SATELLITE_EST,0.0005538522957768,0.0554%,,
2025-12-29,80.0,ARM,ARM HOLDINGS PLC ADR,SATELLITE_EST,0.000526643662167,0.0527%,,
2025-12-29,81.0,DIS,WALT DISNEY CO,SATELLITE_EST,0.0005007716841033,0.0501%,,
2025-12-29,82.0,T,AT AND T INC,SATELLITE_EST,0.0004761706968385,0.0476%,,
2025-12-29,83.0,NVO,NVO,SATELLITE_EST,0.000452778261482,0.0453%,,
2025-12-29,84.0,CRM,CRM,SATELLITE_EST,0.0004305350065256,0.0431%,,
2025-12-29,85.0,BA,BOEING CO,SATELLITE_EST,0.000409384477155,0.0409%,,
2025-12-29,86.0,SHOP,SHOP,SATELLITE_EST,0.0003892729919641,0.0389%,,
2025-12-29,87.0,GILD,GILEAD SCIENCES INC,SATELLITE_EST,0.0003701495067076,0.037%,,
2025-12-29,88.0,APP,APP,SATELLITE_EST,0.0003519654847478,0.0352%,,
2025-12-29,89.0,UBER,UBER TECHNOLOGIES INC,SATELLITE_EST,0.0003346747738654,0.0335%,,
2025-12-29,90.0,PFE,PFIZER INC,SATELLITE_EST,0.0003182334891222,0.0318%,,
2025-12-29,91.0,QCOM,QUALCOMM INC,SATELLITE_EST,0.0003025999014781,0.0303%,,
2025-12-29,92.0,DELL,DELL,SATELLITE_EST,0.0002877343318804,0.0288%,,
2025-12-29,93.0,VRT,VRT,SATELLITE_EST,0.0002735990505558,0.0274%,,
2025-12-29,94.0,SBUX,STARBUCKS CORP,SATELLITE_EST,0.0002601581812494,0.026%,,
2025-12-29,95.0,ADBE,ADOBE INC,SATELLITE_EST,0.000247377610169,0.0247%,,
2025-12-29,96.0,SNPS,SNPS,SATELLITE_EST,0.0002352248994017,0.0235%,,
2025-12-29,97.0,CVNA,CVNA,SATELLITE_EST,0.0002236692045846,0.0224%,,
2025-12-29,98.0,ABNB,AIRBNB INC CL A,SATELLITE_EST,0.0002126811966198,0.0213%,,
2025-12-29,99.0,IAU,ISHARES GOLD TRUST,SATELLITE_EST,0.000202232987235,0.0202%,,
2025-12-22,1.0,TSLA,TESLA INC,CORE,0.1849246634765516,18.4925%,,
2025-12-22,2.0,NVDA,NVIDIA CORP,CORE,0.1108719867551318,11.0872%,,
2025-12-22,3.0,PLTR,PALANTIR TECHNOLOGIES INC CL A,CORE,0.0441547882447363,4.4155%,,
2025-12-22,4.0,GOOGL,ALPHABET INC CL A,CORE,0.0467722050975198,4.6772%,,
2025-12-22,5.0,AAPL,APPLE INC,CORE,0.0258455419030473,2.5846%,,
2025-12-22,6.0,IONQ,IONQ INC,CORE,0.0279325291338918,2.7933%,,
2025-12-22,7.0,QQQ,INVESCO QQQ TRUST SRS 1 ETF,CORE,0.0317329404526196,3.1733%,,
2025-12-22,8.0,TQQQ,PROSHARES ULTRAPRO QQQ ETF,CORE,0.0253538511078291,2.5354%,,
2025-12-22,9.0,SOXL,DIREXION DAILY SEMICONDUCTORS BULL 3X SHS ETF,CORE,0.0702729154463942,7.0273%,,
2025-12-22,10.0,MSFT,MICROSOFT CORP,CORE,0.0213851857436817,2.1385%,,
2025-12-22,11.0,VOO,VANGUARD SP 500 ETF,CORE,0.0223281841761924,2.2328%,,
2025-12-22,12.0,TSLL,DIREXION DAILY TSLA BULL 2X SHARES,CORE,0.0339288632601357,3.3929%,,
2025-12-22,13.0,AVGO,BROADCOM INC,CORE,0.0223899961794231,2.239%,,
2025-12-22,14.0,SPY,SPDR SP 500 ETF TRUST,CORE,0.0274491517140268,2.7449%,,
2025-12-22,15.0,SCHD,SCHWAB US DIVIDEND EQUITY ETF,CORE,0.0122783186714323,1.2278%,,
2025-12-22,16.0,AMZN,AMAZON.COM INC,CORE,0.0124286497954071,1.2429%,,
2025-12-22,17.0,META,META PLATFORMS INC CL A,CORE,0.0136736045663796,1.3674%,,
2025-12-22,18.0,QQQM,INVESCO NASDAQ 100 ETF,CORE,0.0107468328286515,1.0747%,,
2025-12-22,19.0,QLD,PROSHARES ULTRA QQQ ETF,CORE,0.0092628556837571,0.9263%,,
2025-12-22,20.0,SGOV,ISHARES 0-3 MONTH TREASURY BOND ETF,CORE,0.013739348433704,1.3739%,,
2025-12-22,21.0,RKLB,ROCKET LAB CORPORATION,CORE,0.0102012767799461,1.0201%,,
2025-12-22,22.0,GOOG,ALPHABET INC CL C,CORE,0.0081945631089683,0.8195%,,
2025-12-22,23.0,TSM,TAIWAN SEMICONDUCTOR MANUFACTURING CO LTD ADR,CORE,0.0057249591964147,0.5725%,,
2025-12-22,24.0,IREN,IRIS ENERGY LTD,CORE,0.0103463136304169,1.0346%,,
2025-12-22,25.0,JEPQ,J.P. MORGAN NASDAQ EQUITY PREMIUM INCOME ETF,CORE,0.0049869536355857,0.4987%,,
2025-12-22,26.0,JOBY,JOBY AVIATION INC,CORE,0.0047029080532889,0.4703%,,
2025-12-22,27.0,AMD,ADVANCED MICRO DEVICES INC,CORE,0.0066851104231181,0.6685%,,
2025-12-22,28.0,SPLG,SPDR PORTFOLIO SP 500 ETF,CORE,0.0046308396029031,0.4631%,,
2025-12-22,29.0,MU,MICRON TECHNOLOGY INC,CORE,0.0085248245538223,0.8525%,,
2025-12-22,30.0,UNH,UNITEDHEALTH GROUP INC,CORE,0.0043300636469143,0.433%,,
2025-12-22,31.0,TLT,ISHARES 20+ YEAR TREASURY BOND ETF,CORE,0.0039922213448544,0.3992%,,
2025-12-22,32.0,NVDL,GRANITESHARES 2.0X LONG NVDA DAILY ETF,CORE,0.0102488214441577,1.0249%,,
2025-12-22,33.0,TMF,DIREXION DAILY 20 YEAR PLUS TREASURY BULL 3X SHS ETF,CORE,0.0038217617347393,0.3822%,,
2025-12-22,34.0,O,REALTY INCOME CORP,CORE,0.0036717809584068,0.3672%,,
2025-12-22,35.0,MSTR,MICROSTRATEGY INC CL A,CORE,0.0056877693413441,0.5688%,,
2025-12-22,36.0,JEPI,JP MORGAN EQUITY PREMIUM INCOME ETF,CORE,0.0034398022490641,0.344%,,
2025-12-22,37.0,BRK.B,BERKSHIRE HATHAWAY INC CL B,CORE,0.003239692768016,0.324%,,
2025-12-22,38.0,RGTI,RIGETTI COMPUTING INC,CORE,0.0031599535479214,0.316%,,
2025-12-22,39.0,ORCL,ORACLE CORP,CORE,0.007215626816416,0.7216%,,
2025-12-22,40.0,SMR,NUSCALE POWER CORP,CORE,0.0061362297240335,0.6136%,,
2025-12-22,41.0,ETHU,Volatility Shares 2x Ether ETF,CORE,0.0077946867862856,0.7795%,,
2025-12-22,42.0,GLD,SPDR GOLD SHARES ETF,CORE,0.0028431400393093,0.2843%,,
2025-12-22,43.0,IVV,ISHARES CORE SP 500 ETF,CORE,0.0027488030637101,0.2749%,,
2025-12-22,44.0,LLY,ELI LILLY & CO,CORE,0.0047068541480402,0.4707%,,
2025-12-22,45.0,SOXX,ISHARES SEMICONDUCTOR ETF,CORE,0.0024952408289558,0.2495%,,
2025-12-22,46.0,HOOD,ROBINHOOD MARKETS INC,CORE,0.0041906768583625,0.4191%,,
2025-12-22,47.0,NFLX,NETFLIX INC,CORE,0.0045742249261662,0.4574%,,
2025-12-22,48.0,INTC,INTEL CORP,CORE,0.0023894653593794,0.2389%,,
2025-12-22,49.0,SOXS,DIREXION DAILY SEMICONDUCTOR BEAR 3X ETF,SATELLITE,0.0084060167624454,0.8406%,,
2025-12-22,50.0,BMNR,BMNR,SATELLITE,0.0071803513882769,0.718%,,
2025-12-22,51.0,BIMI,BITMINE IMMERSION TECHNOLOGI,SATELLITE,0.0062080163334734,0.6208%,,
2025-12-22,52.0,CRCL,CRCL Internet,SATELLITE,0.0045588321754807,0.4559%,,
2025-12-22,53.0,SLV,ISHARES SILVER TRUST ETF,SATELLITE,0.0042932674304435,0.4293%,,
2025-12-22,54.0,UVIX,UVIX,SATELLITE,0.0039595412078924,0.396%,,
2025-12-22,55.0,SQQQ,PROSHARES ULTRAPRO SHORT QQQ,SATELLITE,0.0038480855713665,0.3848%,,
2025-12-22,56.0,SNDK,SNDK,SATELLITE,0.0036636826901763,0.3664%,,
2025-12-22,57.0,BITX,2X BITCOIN STRATEGY ETF,SATELLITE,0.0035439693560068,0.3544%,,
2025-12-22,58.0,IONZ,IONZ,SATELLITE,0.0033440000610533,0.3344%,,
2025-12-22,59.0,OKLO,OKLO INC,SATELLITE,0.003213109233899,0.3213%,,
2025-12-22,60.0,BE,BE,SATELLITE,0.0031262888052024,0.3126%,,
2025-12-22,61.0,LITE,LITE,SATELLITE,0.0030456420027375,0.3046%,,
2025-12-22,62.0,ORCU,ORCU,SATELLITE,0.0029410815773203,0.2941%,,
2025-12-22,63.0,AGQ,AGQ,SATELLITE,0.0028086669016566,0.2809%,,
2025-12-22,64.0,JPM,JPM,SATELLITE_EST,0.0010814048110565,0.1081%,,
2025-12-22,65.0,VTI,VANGUARD TOTAL STOCK MARKET ETF,SATELLITE_EST,0.0010257325434505,0.1026%,,
2025-12-22,66.0,XOM,EXXON MOBIL CORP,SATELLITE_EST,0.0009729263638707,0.0973%,,
2025-12-22,67.0,V,VISA INC CL A,SATELLITE_EST,0.0009228387220028,0.0923%,,
2025-12-22,68.0,ASML,ASML HOLDING NV ADR,SATELLITE_EST,0.0008753296636343,0.0875%,,
2025-12-22,69.0,JNJ,JOHNSON & JOHNSON,SATELLITE_EST,0.0008302664395954,0.083%,,
2025-12-22,70.0,MA,MASTERCARD INC CL A,SATELLITE_EST,0.000787523134834,0.0788%,,
2025-12-22,71.0,COST,COSTCO WHOLESALE CORP,SATELLITE_EST,0.0007469803165849,0.0747%,,
2025-12-22,72.0,BAC,BAC,SATELLITE_EST,0.0007085247006526,0.0709%,,
2025-12-22,73.0,BABA,ALIBABA GROUP HOLDING LTD ADR,SATELLITE_EST,0.0006720488348742,0.0672%,,
2025-12-22,74.0,KO,THE COCA COLA COMPANY,SATELLITE_EST,0.000637450798878,0.0637%,,
2025-12-22,75.0,AMAT,APPLIED MATERIALS INC,SATELLITE_EST,0.0006046339192988,0.0605%,,
2025-12-22,76.0,AZN,AZN,SATELLITE_EST,0.0005735064996547,0.0574%,,
2025-12-22,77.0,MRK,MERCK & CO INC,SATELLITE_EST,0.00054398156413,0.0544%,,
2025-12-22,78.0,GEV,GEV,SATELLITE_EST,0.0005159766145484,0.0516%,,
2025-12-22,79.0,WFC,WFC,SATELLITE_EST,0.0004894133998577,0.0489%,,
2025-12-22,80.0,ARM,ARM HOLDINGS PLC ADR,SATELLITE_EST,0.0004642176974822,0.0464%,,
2025-12-22,81.0,DIS,WALT DISNEY CO,SATELLITE_EST,0.0004403191059303,0.044%,,
2025-12-22,82.0,T,AT AND T INC,SATELLITE_EST,0.0004176508480802,0.0418%,,
2025-12-22,83.0,NVO,NVO,SATELLITE_EST,0.0003961495845918,0.0396%,,
2025-12-22,84.0,CRM,CRM,SATELLITE_EST,0.0003757552369248,0.0376%,,
2025-12-22,85.0,BA,BOEING CO,SATELLITE_EST,0.0003564108194684,0.0356%,,
2025-12-22,86.0,SHOP,SHOP,SATELLITE_EST,0.0003380622803124,0.0338%,,
2025-12-22,87.0,GILD,GILEAD SCIENCES INC,SATELLITE_EST,0.0003206583502165,0.0321%,,
2025-12-22,88.0,APP,APP,SATELLITE_EST,0.000304150399354,0.0304%,,
2025-12-22,89.0,UBER,UBER TECHNOLOGIES INC,SATELLITE_EST,0.0002884923014316,0.0288%,,
2025-12-22,90.0,PFE,PFIZER INC,SATELLITE_EST,0.0002736403048034,0.0274%,,
2025-12-22,91.0,QCOM,QUALCOMM INC,SATELLITE_EST,0.0002595529102208,0.026%,,
2025-12-22,92.0,DELL,DELL,SATELLITE_EST,0.0002461907548762,0.0246%,,
2025-12-22,93.0,VRT,VRT,SATELLITE_EST,0.0002335165024155,0.0234%,,
2025-12-22,94.0,SBUX,STARBUCKS CORP,SATELLITE_EST,0.0002214947386135,0.0221%,,
2025-12-22,95.0,ADBE,ADOBE INC,SATELLITE_EST,0.00021009187242,0.021%,,
2025-12-22,96.0,SNPS,SNPS,SATELLITE_EST,0.0001992760421004,0.0199%,,
2025-12-22,97.0,CVNA,CVNA,SATELLITE_EST,0.0001890170262075,0.0189%,,
2025-12-22,98.0,ABNB,AIRBNB INC CL A,SATELLITE_EST,0.0001792861591376,0.0179%,,
2025-12-15,1.0,TSLA,TESLA INC,CORE,0.186361121564964,18.6361%,,
2025-12-15,2.0,NVDA,NVIDIA CORP,CORE,0.1093491975584377,10.9349%,,
2025-12-15,3.0,PLTR,PALANTIR TECHNOLOGIES INC CL A,CORE,0.043477661002756,4.3478%,,
2025-12-15,4.0,GOOGL,ALPHABET INC CL A,CORE,0.0476067199126443,4.7607%,,
2025-12-15,5.0,AAPL,APPLE INC,CORE,0.0271150558971613,2.7115%,,
2025-12-15,6.0,QQQ,INVESCO QQQ TRUST SRS 1 ETF,CORE,0.0318096234661559,3.181%,,
2025-12-15,7.0,IONQ,IONQ INC,CORE,0.0251491358897017,2.5149%,,
2025-12-15,8.0,MSFT,MICROSOFT CORP,CORE,0.0216672101120588,2.1667%,,
2025-12-15,9.0,TQQQ,PROSHARES ULTRAPRO QQQ ETF,CORE,0.0245683782810101,2.4568%,,
2025-12-15,10.0,VOO,VANGUARD SP 500 ETF,CORE,0.0221612080382253,2.2161%,,
2025-12-15,11.0,TSLL,DIREXION DAILY TSLA BULL 2X SHARES,CORE,0.0358240376640828,3.5824%,,
2025-12-15,12.0,AVGO,BROADCOM INC,CORE,0.0222050901432702,2.2205%,,
2025-12-15,13.0,SOXL,DIREXION DAILY SEMICONDUCTORS BULL 3X SHS ETF,CORE,0.0655404561255871,6.554%,,
2025-12-15,14.0,SPY,SPDR SP 500 ETF TRUST,CORE,0.0275661011672123,2.7566%,,
2025-12-15,15.0,SCHD,SCHWAB US DIVIDEND EQUITY ETF,CORE,0.0127187520061495,1.2719%,,
2025-12-15,16.0,AMZN,AMAZON.COM INC,CORE,0.0124183645434232,1.2418%,,
2025-12-15,17.0,META,META PLATFORMS INC CL A,CORE,0.014087838427053,1.4088%,,
2025-12-15,18.0,QQQM,INVESCO NASDAQ 100 ETF,CORE,0.0106181469970908,1.0618%,,
2025-12-15,19.0,QLD,PROSHARES ULTRA QQQ ETF,CORE,0.009128447008602,0.9128%,,
2025-12-15,20.0,SGOV,ISHARES 0-3 MONTH TREASURY BOND ETF,CORE,0.0138305659020472,1.3831%,,
2025-12-15,21.0,GOOG,ALPHABET INC CL C,CORE,0.0083512992721226,0.8351%,,
2025-12-15,22.0,TSM,TAIWAN SEMICONDUCTOR MANUFACTURING CO LTD ADR,CORE,0.005782266863931,0.5782%,,
2025-12-15,23.0,BIMI,BITMINE IMMERSION TECHNOLOGI,CORE,0.0090642500284865,0.9064%,,
2025-12-15,24.0,JEPQ,J.P. MORGAN NASDAQ EQUITY PREMIUM INCOME ETF,CORE,0.0048898289512699,0.489%,,
2025-12-15,25.0,IREN,IRIS ENERGY LTD,CORE,0.0094236713284735,0.9424%,,
2025-12-15,26.0,UNH,UNITEDHEALTH GROUP INC,CORE,0.004758491437858,0.4758%,,
2025-12-15,27.0,AMD,ADVANCED MICRO DEVICES INC,CORE,0.0067464146797383,0.6746%,,
2025-12-15,28.0,RKLB,ROCKET LAB CORPORATION,CORE,0.0085413746788042,0.8541%,,
2025-12-15,29.0,JOBY,JOBY AVIATION INC,CORE,0.0046182080887133,0.4618%,,
2025-12-15,30.0,SPLG,SPDR PORTFOLIO SP 500 ETF,CORE,0.0045788219336656,0.4579%,,
2025-12-15,31.0,TLT,ISHARES 20+ YEAR TREASURY BOND ETF,CORE,0.0041761111784968,0.4176%,,
2025-12-15,32.0,TMF,DIREXION DAILY 20 YEAR PLUS TREASURY BULL 3X SHS ETF,CORE,0.0039396111975223,0.394%,,
2025-12-15,33.0,O,REALTY INCOME CORP,CORE,0.0038752625284104,0.3875%,,
2025-12-15,34.0,MSTR,MICROSTRATEGY INC CL A,CORE,0.0057648047716406,0.5765%,,
2025-12-15,35.0,MU,MICRON TECHNOLOGY INC,CORE,0.007905345936117,0.7905%,,
2025-12-15,36.0,JEPI,JP MORGAN EQUITY PREMIUM INCOME ETF,CORE,0.0035006565863965,0.3501%,,
2025-12-15,37.0,BRK.B,BERKSHIRE HATHAWAY INC CL B,CORE,0.0033904355218542,0.339%,,
2025-12-15,38.0,NVDL,GRANITESHARES 2.0X LONG NVDA DAILY ETF,CORE,0.0097096111046211,0.971%,,
2025-12-15,39.0,SMR,NUSCALE POWER CORP,CORE,0.006327104736788,0.6327%,,
2025-12-15,40.0,ORCL,ORACLE CORP,CORE,0.0070239918638432,0.7024%,,
2025-12-15,41.0,ETHU,Volatility Shares 2x Ether ETF,CORE,0.0076742520269856,0.7674%,,
2025-12-15,42.0,RGTI,RIGETTI COMPUTING INC,CORE,0.0028085708612791,0.2809%,,
2025-12-15,43.0,IVV,ISHARES CORE SP 500 ETF,CORE,0.0027836221992857,0.2784%,,
2025-12-15,44.0,GLD,SPDR GOLD SHARES ETF,CORE,0.0027817739700576,0.2782%,,
2025-12-15,45.0,LLY,ELI LILLY & CO,CORE,0.0046381521030829,0.4638%,,
2025-12-15,46.0,INTC,INTEL CORP,CORE,0.0025404955439504,0.254%,,
2025-12-15,47.0,SOXX,ISHARES SEMICONDUCTOR ETF,CORE,0.0025285885192135,0.2529%,,
2025-12-15,48.0,HOOD,ROBINHOOD MARKETS INC,CORE,0.0041609861264752,0.4161%,,
2025-12-15,49.0,NFLX,NETFLIX INC,CORE,0.0045248932637796,0.4525%,,
2025-12-15,50.0,SOXS,DIREXION DAILY SEMICONDUCTOR BEAR 3X ETF,SATELLITE,0.008407527353707,0.8408%,,
2025-12-15,51.0,BMNR,BMNR,SATELLITE,0.0071906204921437,0.7191%,,
2025-12-15,52.0,CRCL,CRCL Internet,SATELLITE,0.0046909659844504,0.4691%,,
2025-12-15,53.0,SLV,ISHARES SILVER TRUST ETF,SATELLITE,0.0044249562273646,0.4425%,,
2025-12-15,54.0,UVIX,UVIX,SATELLITE,0.0040906980479279,0.4091%,,
2025-12-15,55.0,SQQQ,PROSHARES ULTRAPRO SHORT QQQ,SATELLITE,0.0039779573530613,0.3978%,,
2025-12-15,56.0,SNDK,SNDK,SATELLITE,0.0037922471516224,0.3792%,,
2025-12-15,57.0,BITX,2X BITCOIN STRATEGY ETF,SATELLITE,0.0036708989647374,0.3671%,,
2025-12-15,58.0,IONZ,IONZ,SATELLITE,0.00346933525042,0.3469%,,
2025-12-15,59.0,OKLO,OKLO INC,SATELLITE,0.0033365536180684,0.3337%,,
2025-12-15,60.0,BE,BE,SATELLITE,0.003247624073269,0.3248%,,
2025-12-15,61.0,LITE,LITE,SATELLITE,0.0031647572046526,0.3165%,,
2025-12-15,62.0,ORCU,ORCU,SATELLITE,0.0030579530656874,0.3058%,,
2025-12-15,63.0,AGQ,AGQ,SATELLITE,0.0029232945635052,0.2923%,,
2025-12-15,64.0,JPM,JPM,SATELLITE_EST,0.0011975450577261,0.1198%,,
2025-12-15,65.0,VTI,VANGUARD TOTAL STOCK MARKET ETF,SATELLITE_EST,0.0011393499087727,0.1139%,,
2025-12-15,66.0,XOM,EXXON MOBIL CORP,SATELLITE_EST,0.0010839827747987,0.1084%,,
2025-12-15,67.0,V,VISA INC CL A,SATELLITE_EST,0.0010313062273609,0.1031%,,
2025-12-15,68.0,ASML,ASML HOLDING NV ADR,SATELLITE_EST,0.0009811895164024,0.0981%,,
2025-12-15,69.0,JNJ,JOHNSON & JOHNSON,SATELLITE_EST,0.0009335082457144,0.0934%,,
2025-12-15,70.0,MA,MASTERCARD INC CL A,SATELLITE_EST,0.0008881440641682,0.0888%,,
2025-12-15,71.0,COST,COSTCO WHOLESALE CORP,SATELLITE_EST,0.0008449843719521,0.0845%,,
2025-12-15,72.0,BAC,BAC,SATELLITE_EST,0.0008039220410847,0.0804%,,
2025-12-15,73.0,BABA,ALIBABA GROUP HOLDING LTD ADR,SATELLITE_EST,0.0007648551495085,0.0765%,,
2025-12-15,74.0,KO,THE COCA COLA COMPANY,SATELLITE_EST,0.0007276867281065,0.0728%,,
2025-12-15,75.0,AMAT,APPLIED MATERIALS INC,SATELLITE_EST,0.0006923245200123,0.0692%,,
2025-12-15,76.0,AZN,AZN,SATELLITE_EST,0.0006586807516161,0.0659%,,
2025-12-15,77.0,MRK,MERCK & CO INC,SATELLITE_EST,0.0006266719146995,0.0627%,,
2025-12-15,78.0,GEV,GEV,SATELLITE_EST,0.0005962185591572,0.0596%,,
2025-12-15,79.0,WFC,WFC,SATELLITE_EST,0.0005672450957915,0.0567%,,
2025-12-15,80.0,ARM,ARM HOLDINGS PLC ADR,SATELLITE_EST,0.0005396796086896,0.054%,,
2025-12-15,81.0,DIS,WALT DISNEY CO,SATELLITE_EST,0.0005134536767197,0.0513%,,
2025-12-15,82.0,T,AT AND T INC,SATELLITE_EST,0.0004885022037003,0.0489%,,
2025-12-15,83.0,NVO,NVO,SATELLITE_EST,0.0004647632568232,0.0465%,,
2025-12-15,84.0,CRM,CRM,SATELLITE_EST,0.0004421779129279,0.0442%,,
2025-12-15,85.0,BA,BOEING CO,SATELLITE_EST,0.000420690112247,0.0421%,,
2025-12-15,86.0,SHOP,SHOP,SATELLITE_EST,0.0004002465192586,0.04%,,
2025-12-15,87.0,GILD,GILEAD SCIENCES INC,SATELLITE_EST,0.0003807963903002,0.0381%,,
2025-12-15,88.0,APP,APP,SATELLITE_EST,0.0003622914476165,0.0362%,,
2025-12-15,89.0,UBER,UBER TECHNOLOGIES INC,SATELLITE_EST,0.0003446857595277,0.0345%,,
2025-12-15,90.0,PFE,PFIZER INC,SATELLITE_EST,0.0003279356264213,0.0328%,,
2025-12-15,91.0,QCOM,QUALCOMM INC,SATELLITE_EST,0.0003119994722837,0.0312%,,
2025-12-15,92.0,DELL,DELL,SATELLITE_EST,0.000296837741503,0.0297%,,
2025-12-15,93.0,VRT,VRT,SATELLITE_EST,0.0002824128006874,0.0282%,,
2025-12-15,94.0,SBUX,STARBUCKS CORP,SATELLITE_EST,0.0002686888452535,0.0269%,,
2025-12-15,95.0,ADBE,ADOBE INC,SATELLITE_EST,0.0002556318105551,0.0256%,,
2025-12-15,96.0,SNPS,SNPS,SATELLITE_EST,0.0002432092873302,0.0243%,,
2025-12-15,97.0,CVNA,CVNA,SATELLITE_EST,0.000231390441257,0.0231%,,
2025-12-15,98.0,ABNB,AIRBNB INC CL A,SATELLITE_EST,0.0002201459364189,0.022%,,
2025-12-15,99.0,IAU,ISHARES GOLD TRUST,SATELLITE_EST,0.0002094478624895,0.0209%,,
2025-12-08,1.0,TSLA,TESLA INC,CORE,0.1740197047580408,17.402%,,
2025-12-08,2.0,NVDA,NVIDIA CORP,CORE,0.1129144443194461,11.2914%,,
2025-12-08,3.0,PLTR,PALANTIR TECHNOLOGIES INC CL A,CORE,0.0433252573329109,4.3325%,,
2025-12-08,4.0,GOOGL,ALPHABET INC CL A,CORE,0.0473827967617151,4.7383%,,
2025-12-08,5.0,AAPL,APPLE INC,CORE,0.0274064502014792,2.7406%,,
2025-12-08,6.0,IONQ,IONQ INC,CORE,0.0285347649478259,2.8535%,,
2025-12-08,7.0,QQQ,INVESCO QQQ TRUST SRS 1 ETF,CORE,0.0319879408694728,3.1988%,,
2025-12-08,8.0,TQQQ,PROSHARES ULTRAPRO QQQ ETF,CORE,0.0259567358713185,2.5957%,,
2025-12-08,9.0,MSFT,MICROSOFT CORP,CORE,0.0220773234108816,2.2077%,,
2025-12-08,10.0,SOXL,DIREXION DAILY SEMICONDUCTORS BULL 3X SHS ETF,CORE,0.0695597778148119,6.956%,,
2025-12-08,11.0,AVGO,BROADCOM INC,CORE,0.0245437107425909,2.4544%,,
2025-12-08,12.0,VOO,VANGUARD SP 500 ETF,CORE,0.0219289669258549,2.1929%,,
2025-12-08,13.0,TSLL,DIREXION DAILY TSLA BULL 2X SHARES,CORE,0.0341669888440952,3.4167%,,
2025-12-08,14.0,SPY,SPDR SP 500 ETF TRUST,CORE,0.02746785673238,2.7468%,,
2025-12-08,15.0,SCHD,SCHWAB US DIVIDEND EQUITY ETF,CORE,0.012495458644309,1.2495%,,
2025-12-08,16.0,AMZN,AMAZON.COM INC,CORE,0.0125579776250978,1.2558%,,
2025-12-08,17.0,META,META PLATFORMS INC CL A,CORE,0.0146483047611434,1.4648%,,
2025-12-08,18.0,QQQM,INVESCO NASDAQ 100 ETF,CORE,0.0105238827969037,1.0524%,,
2025-12-08,19.0,QLD,PROSHARES ULTRA QQQ ETF,CORE,0.009352378773779,0.9352%,,
2025-12-08,20.0,SGOV,ISHARES 0-3 MONTH TREASURY BOND ETF,CORE,0.0136384187990844,1.3638%,,
2025-12-08,21.0,IREN,IRIS ENERGY LTD,CORE,0.0107890278472916,1.0789%,,
2025-12-08,22.0,GOOG,ALPHABET INC CL C,CORE,0.0083319625541182,0.8332%,,
2025-12-08,23.0,TSM,TAIWAN SEMICONDUCTOR MANUFACTURING CO LTD ADR,CORE,0.0060705328882324,0.6071%,,
2025-12-08,24.0,JOBY,JOBY AVIATION INC,CORE,0.0050635590754384,0.5064%,,
2025-12-08,25.0,AMD,ADVANCED MICRO DEVICES INC,CORE,0.007037735570974,0.7038%,,
2025-12-08,26.0,JEPQ,J.P. MORGAN NASDAQ EQUITY PREMIUM INCOME ETF,CORE,0.0048838481983277,0.4884%,,
2025-12-08,27.0,UNH,UNITEDHEALTH GROUP INC,CORE,0.0045467209067167,0.4547%,,
2025-12-08,28.0,SPLG,SPDR PORTFOLIO SP 500 ETF,CORE,0.0044590189144426,0.4459%,,
2025-12-08,29.0,RKLB,ROCKET LAB CORPORATION,CORE,0.0081063085689528,0.8106%,,
2025-12-08,30.0,MSTR,MICROSTRATEGY INC CL A,CORE,0.0062256594184281,0.6226%,,
2025-12-08,31.0,TLT,ISHARES 20+ YEAR TREASURY BOND ETF,CORE,0.0041369006189833,0.4137%,,
2025-12-08,32.0,TMF,DIREXION DAILY 20 YEAR PLUS TREASURY BULL 3X SHS ETF,CORE,0.0040226934389352,0.4023%,,
2025-12-08,33.0,O,REALTY INCOME CORP,CORE,0.0037903231545084,0.379%,,
2025-12-08,34.0,MU,MICRON TECHNOLOGY INC,CORE,0.0079605139003083,0.7961%,,
2025-12-08,35.0,SMR,NUSCALE POWER CORP,CORE,0.0069605705083759,0.6961%,,
2025-12-08,36.0,NVDL,GRANITESHARES 2.0X LONG NVDA DAILY ETF,CORE,0.0099931035289545,0.9993%,,
2025-12-08,37.0,JEPI,JP MORGAN EQUITY PREMIUM INCOME ETF,CORE,0.003432937398543,0.3433%,,
2025-12-08,38.0,ETHU,Volatility Shares 2x Ether ETF,CORE,0.008202701696297,0.8203%,,
2025-12-08,39.0,BRK.B,BERKSHIRE HATHAWAY INC CL B,CORE,0.0033197420004433,0.332%,,
2025-12-08,40.0,RGTI,RIGETTI COMPUTING INC,CORE,0.0032562415483797,0.3256%,,
2025-12-08,41.0,ORCL,ORACLE CORP,CORE,0.0070779748784155,0.7078%,,
2025-12-08,42.0,HOOD,ROBINHOOD MARKETS INC,CORE,0.0046055040946208,0.4606%,,
2025-12-08,43.0,IVV,ISHARES CORE SP 500 ETF,CORE,0.0027653611886355,0.2765%,,
2025-12-08,44.0,INTC,INTEL CORP,CORE,0.0027200576473923,0.272%,,
2025-12-08,45.0,SOXX,ISHARES SEMICONDUCTOR ETF,CORE,0.0027189882598152,0.2719%,,
2025-12-08,46.0,GLD,SPDR GOLD SHARES ETF,CORE,0.0026971248858645,0.2697%,,
2025-12-08,47.0,COIN,COINBASE GLOBAL INC,CORE,0.0025878353695213,0.2588%,,
2025-12-08,48.0,ASML,ASML HOLDING NV ADR,CORE,0.0024629689468255,0.2463%,,
2025-12-08,49.0,SOXS,DIREXION DAILY SEMICONDUCTOR BEAR 3X ETF,SATELLITE,0.0084708990087563,0.8471%,,
2025-12-08,50.0,BMNR,BMNR,SATELLITE,0.0072431915970998,0.7243%,,
2025-12-08,51.0,BIMI,BITMINE IMMERSION TECHNOLOGI,SATELLITE,0.0062686387128956,0.6269%,,
2025-12-08,52.0,CRCL,CRCL Internet,SATELLITE,0.0046183846125993,0.4618%,,
2025-12-08,53.0,SLV,ISHARES SILVER TRUST ETF,SATELLITE,0.0043499365323926,0.435%,,
2025-12-08,54.0,UVIX,UVIX,SATELLITE,0.0040135855651205,0.4014%,,
2025-12-08,55.0,NFLX,NETFLIX INC,SATELLITE,0.0039159558176819,0.3916%,,
2025-12-08,56.0,SQQQ,PROSHARES ULTRAPRO SHORT QQQ,SATELLITE,0.0038070804096035,0.3807%,,
2025-12-08,57.0,SNDK,SNDK,SATELLITE,0.0036248808549934,0.3625%,,
2025-12-08,58.0,LLY,ELI LILLY & CO,SATELLITE,0.0035362729588969,0.3536%,,
2025-12-08,59.0,BITX,2X BITCOIN STRATEGY ETF,SATELLITE,0.0034284248651325,0.3428%,,
2025-12-08,60.0,IONZ,IONZ,SATELLITE,0.0032345246321105,0.3235%,,
2025-12-08,61.0,OKLO,OKLO INC,SATELLITE,0.0031093012761585,0.3109%,,
2025-12-08,62.0,BE,BE,SATELLITE,0.0030277983941211,0.3028%,,
2025-12-08,63.0,LITE,LITE,SATELLITE,0.0029521885206613,0.2952%,,
2025-12-08,64.0,ORCU,ORCU,SATELLITE,0.0028524417382204,0.2852%,,
2025-12-08,65.0,AGQ,AGQ,SATELLITE,0.0027246365409834,0.2725%,,
2025-12-08,66.0,JPM,JPM,SATELLITE_EST,0.0010040379372891,0.1004%,,
2025-12-08,67.0,VTI,VANGUARD TOTAL STOCK MARKET ETF,SATELLITE_EST,0.0009524146672797,0.0952%,,
2025-12-08,68.0,XOM,EXXON MOBIL CORP,SATELLITE_EST,0.0009034456416046,0.0903%,,
2025-12-08,69.0,V,VISA INC CL A,SATELLITE_EST,0.000856994390548,0.0857%,,
2025-12-08,70.0,JNJ,JOHNSON & JOHNSON,SATELLITE_EST,0.0008129314610742,0.0813%,,
2025-12-08,71.0,MA,MASTERCARD INC CL A,SATELLITE_EST,0.0007711340560604,0.0771%,,
2025-12-08,72.0,COST,COSTCO WHOLESALE CORP,SATELLITE_EST,0.0007314856920783,0.0731%,,
2025-12-08,73.0,BAC,BAC,SATELLITE_EST,0.0006938758747719,0.0694%,,
2025-12-08,74.0,BABA,ALIBABA GROUP HOLDING LTD ADR,SATELLITE_EST,0.0006581997909248,0.0658%,,
2025-12-08,75.0,KO,THE COCA COLA COMPANY,SATELLITE_EST,0.0006243580163612,0.0624%,,
2025-12-08,76.0,AMAT,APPLIED MATERIALS INC,SATELLITE_EST,0.0005922562388645,0.0592%,,
2025-12-08,77.0,AZN,AZN,SATELLITE_EST,0.0005618049953426,0.0562%,,
2025-12-08,78.0,MRK,MERCK & CO INC,SATELLITE_EST,0.000532919422507,0.0533%,,
2025-12-08,79.0,GEV,GEV,SATELLITE_EST,0.0005055190203712,0.0506%,,
2025-12-08,80.0,WFC,WFC,SATELLITE_EST,0.0004795274279081,0.048%,,
2025-12-08,81.0,ARM,ARM HOLDINGS PLC ADR,SATELLITE_EST,0.0004548722102431,0.0455%,,
2025-12-08,82.0,DIS,WALT DISNEY CO,SATELLITE_EST,0.0004314846567882,0.0431%,,
2025-12-08,83.0,T,AT AND T INC,SATELLITE_EST,0.0004092995897553,0.0409%,,
2025-12-08,84.0,NVO,NVO,SATELLITE_EST,0.0003882551825154,0.0388%,,
2025-12-08,85.0,CRM,CRM,SATELLITE_EST,0.0003682927872959,0.0368%,,
2025-12-08,86.0,BA,BOEING CO,SATELLITE_EST,0.0003493567717381,0.0349%,,
2025-12-08,87.0,SHOP,SHOP,SATELLITE_EST,0.0003313943638576,0.0331%,,
2025-12-08,88.0,GILD,GILEAD SCIENCES INC,SATELLITE_EST,0.0003143555049763,0.0314%,,
2025-12-08,89.0,APP,APP,SATELLITE_EST,0.0002981927102156,0.0298%,,
2025-12-08,90.0,UBER,UBER TECHNOLOGIES INC,SATELLITE_EST,0.0002828609361635,0.0283%,,
2025-12-08,91.0,PFE,PFIZER INC,SATELLITE_EST,0.0002683174553443,0.0268%,,
2025-12-08,92.0,QCOM,QUALCOMM INC,SATELLITE_EST,0.0002545217371438,0.0255%,,
2025-12-08,93.0,DELL,DELL,SATELLITE_EST,0.0002414353348557,0.0241%,,
2025-12-08,94.0,VRT,VRT,SATELLITE_EST,0.0002290217785366,0.0229%,,
2025-12-08,95.0,SBUX,STARBUCKS CORP,SATELLITE_EST,0.000217246473369,0.0217%,,
2025-12-08,96.0,ADBE,ADOBE INC,SATELLITE_EST,0.0002060766032508,0.0206%,,
2025-12-08,97.0,SNPS,SNPS,SATELLITE_EST,0.0001954810393411,0.0195%,,
2025-12-08,98.0,CVNA,CVNA,SATELLITE_EST,0.0001854302533092,0.0185%,,
2025-12-01,1.0,TSLA,TESLA INC,CORE,0.1742125743113214,17.4213%,,
2025-12-01,2.0,NVDA,NVIDIA CORP,CORE,0.1117294394115578,11.1729%,,
2025-12-01,3.0,PLTR,PALANTIR TECHNOLOGIES INC CL A,CORE,0.0412207479758851,4.1221%,,
2025-12-01,4.0,GOOGL,ALPHABET INC CL A,CORE,0.0473338309936382,4.7334%,,
2025-12-01,5.0,AAPL,APPLE INC,CORE,0.0284950767358618,2.8495%,,
2025-12-01,6.0,QQQ,INVESCO QQQ TRUST SRS 1 ETF,CORE,0.0319181775158664,3.1918%,,
2025-12-01,7.0,IONQ,IONQ INC,CORE,0.0259768773699701,2.5977%,,
2025-12-01,8.0,TQQQ,PROSHARES ULTRAPRO QQQ ETF,CORE,0.0258974450484325,2.5897%,,
2025-12-01,9.0,MSFT,MICROSOFT CORP,CORE,0.0221976895601821,2.2198%,,
2025-12-01,10.0,VOO,VANGUARD SP 500 ETF,CORE,0.0219553876972312,2.1955%,,
2025-12-01,11.0,AVGO,BROADCOM INC,CORE,0.0241740941949923,2.4174%,,
2025-12-01,12.0,SOXL,DIREXION DAILY SEMICONDUCTORS BULL 3X SHS ETF,CORE,0.0686428221005614,6.8643%,,
2025-12-01,13.0,TSLL,DIREXION DAILY TSLA BULL 2X SHARES,CORE,0.033840576678644,3.3841%,,
2025-12-01,14.0,SPY,SPDR SP 500 ETF TRUST,CORE,0.0274461906355064,2.7446%,,
2025-12-01,15.0,SCHD,SCHWAB US DIVIDEND EQUITY ETF,CORE,0.0127250407925181,1.2725%,,
2025-12-01,16.0,AMZN,AMAZON.COM INC,CORE,0.0133379524436383,1.3338%,,
2025-12-01,17.0,META,META PLATFORMS INC CL A,CORE,0.0146161867287885,1.4616%,,
2025-12-01,18.0,QQQM,INVESCO NASDAQ 100 ETF,CORE,0.0103669177776611,1.0367%,,
2025-12-01,19.0,QLD,PROSHARES ULTRA QQQ ETF,CORE,0.0092842761902061,0.9284%,,
2025-12-01,20.0,SGOV,ISHARES 0-3 MONTH TREASURY BOND ETF,CORE,0.0135491340791664,1.3549%,,
2025-12-01,21.0,IREN,IRIS ENERGY LTD,CORE,0.0110329165241612,1.1033%,,
2025-12-01,22.0,GOOG,ALPHABET INC CL C,CORE,0.0082811112362823,0.8281%,,
2025-12-01,23.0,TSM,TAIWAN SEMICONDUCTOR MANUFACTURING CO LTD ADR,CORE,0.0059081272190856,0.5908%,,
2025-12-01,24.0,AMD,ADVANCED MICRO DEVICES INC,CORE,0.0070830423528591,0.7083%,,
2025-12-01,25.0,JEPQ,J.P. MORGAN NASDAQ EQUITY PREMIUM INCOME ETF,CORE,0.0048458549608604,0.4846%,,
2025-12-01,26.0,UNH,UNITEDHEALTH GROUP INC,CORE,0.0046915876219004,0.4692%,,
2025-12-01,27.0,JOBY,JOBY AVIATION INC,CORE,0.0045258470547415,0.4526%,,
2025-12-01,28.0,BIMI,BITMINE IMMERSION TECHNOLOGI,CORE,0.0085409091943231,0.8541%,,
2025-12-01,29.0,SPLG,SPDR PORTFOLIO SP 500 ETF,CORE,0.004435327909579,0.4435%,,
2025-12-01,30.0,TMF,DIREXION DAILY 20 YEAR PLUS TREASURY BULL 3X SHS ETF,CORE,0.0042316232194121,0.4232%,,
2025-12-01,31.0,TLT,ISHARES 20+ YEAR TREASURY BOND ETF,CORE,0.0042171508720534,0.4217%,,
2025-12-01,32.0,MSTR,MICROSTRATEGY INC CL A,CORE,0.0060004673003084,0.6%,,
2025-12-01,33.0,O,REALTY INCOME CORP,CORE,0.0039200457215676,0.392%,,
2025-12-01,34.0,MU,MICRON TECHNOLOGY INC,CORE,0.0078152216879071,0.7815%,,
2025-12-01,35.0,JEPI,JP MORGAN EQUITY PREMIUM INCOME ETF,CORE,0.0034923205804856,0.3492%,,
2025-12-01,36.0,BRK.B,BERKSHIRE HATHAWAY INC CL B,CORE,0.0034545884604919,0.3455%,,
2025-12-01,37.0,NVDL,GRANITESHARES 2.0X LONG NVDA DAILY ETF,CORE,0.0098082686481227,0.9808%,,
2025-12-01,38.0,RKLB,ROCKET LAB CORPORATION,CORE,0.0070691086174086,0.7069%,,
2025-12-01,39.0,SMR,NUSCALE POWER CORP,CORE,0.0062954686881173,0.6295%,,
2025-12-01,40.0,IVV,ISHARES CORE SP 500 ETF,CORE,0.0028351446982802,0.2835%,,
2025-12-01,41.0,LLY,ELI LILLY & CO,CORE,0.0047840677757889,0.4784%,,
2025-12-01,42.0,INTC,INTEL CORP,CORE,0.0027844542048961,0.2784%,,
2025-12-01,43.0,GLD,SPDR GOLD SHARES ETF,CORE,0.0027506619284601,0.2751%,,
2025-12-01,44.0,RGTI,RIGETTI COMPUTING INC,CORE,0.0027357771052561,0.2736%,,
2025-12-01,45.0,NFLX,NETFLIX INC,CORE,0.0048095657127422,0.481%,,
2025-12-01,46.0,HOOD,ROBINHOOD MARKETS INC,CORE,0.0043783480081036,0.4378%,,
2025-12-01,47.0,ORCL,ORACLE CORP,CORE,0.0067526400600207,0.6753%,,
2025-12-01,48.0,SOXX,ISHARES SEMICONDUCTOR ETF,CORE,0.0026135348654935,0.2614%,,
2025-12-01,49.0,ETHU,Volatility Shares 2x Ether ETF,CORE,0.0073970051543205,0.7397%,,
2025-12-01,50.0,SOXS,DIREXION DAILY SEMICONDUCTOR BEAR 3X ETF,SATELLITE,0.0085338476915431,0.8534%,,
2025-12-01,51.0,BMNR,BMNR,SATELLITE,0.0073169639529568,0.7317%,,
2025-12-01,52.0,CRCL,CRCL Internet,SATELLITE,0.0048224420964551,0.4822%,,
2025-12-01,53.0,SLV,ISHARES SILVER TRUST ETF,SATELLITE,0.0045529120685318,0.4553%,,
2025-12-01,54.0,UVIX,UVIX,SATELLITE,0.0042154934630129,0.4215%,,
2025-12-01,55.0,SQQQ,PROSHARES ULTRAPRO SHORT QQQ,SATELLITE,0.0040988195119116,0.4099%,,
2025-12-01,56.0,SNDK,SNDK,SATELLITE,0.0039095572364124,0.391%,,
2025-12-01,57.0,BITX,2X BITCOIN STRATEGY ETF,SATELLITE,0.0037845014813286,0.3785%,,
2025-12-01,58.0,IONZ,IONZ,SATELLITE,0.0035796412529737,0.358%,,
2025-12-01,59.0,OKLO,OKLO INC,SATELLITE,0.003443391230382,0.3443%,,
2025-12-01,60.0,BE,BE,SATELLITE,0.0033509190732987,0.3351%,,
2025-12-01,61.0,LITE,LITE,SATELLITE,0.0032645831319411,0.3265%,,
2025-12-01,62.0,ORCU,ORCU,SATELLITE,0.0031545005208259,0.3155%,,
2025-12-01,63.0,AGQ,AGQ,SATELLITE,0.0030167689186165,0.3017%,,
2025-12-01,64.0,JPM,JPM,SATELLITE_EST,0.0012942702373437,0.1294%,,
2025-12-01,65.0,VTI,VANGUARD TOTAL STOCK MARKET ETF,SATELLITE_EST,0.0012328929999458,0.1233%,,
2025-12-01,66.0,XOM,EXXON MOBIL CORP,SATELLITE_EST,0.0011744264106969,0.1174%,,
2025-12-01,67.0,V,VISA INC CL A,SATELLITE_EST,0.0011187324400439,0.1119%,,
2025-12-01,68.0,ASML,ASML HOLDING NV ADR,SATELLITE_EST,0.0010656796041089,0.1066%,,
2025-12-01,69.0,JNJ,JOHNSON & JOHNSON,SATELLITE_EST,0.0010151426542787,0.1015%,,
2025-12-01,70.0,MA,MASTERCARD INC CL A,SATELLITE_EST,0.0009670022815137,0.0967%,,
2025-12-01,71.0,COST,COSTCO WHOLESALE CORP,SATELLITE_EST,0.0009211448346805,0.0921%,,
2025-12-01,72.0,BAC,BAC,SATELLITE_EST,0.0008774620522408,0.0877%,,
2025-12-01,73.0,BABA,ALIBABA GROUP HOLDING LTD ADR,SATELLITE_EST,0.0008358508066647,0.0836%,,
2025-12-01,74.0,KO,THE COCA COLA COMPANY,SATELLITE_EST,0.000796212860964,0.0796%,,
2025-12-01,75.0,AMAT,APPLIED MATERIALS INC,SATELLITE_EST,0.000758454636772,0.0758%,,
2025-12-01,76.0,AZN,AZN,SATELLITE_EST,0.0007224869934209,0.0722%,,
2025-12-01,77.0,MRK,MERCK & CO INC,SATELLITE_EST,0.0006882250174961,0.0688%,,
2025-12-01,78.0,GEV,GEV,SATELLITE_EST,0.00065558782237,0.0656%,,
2025-12-01,79.0,WFC,WFC,SATELLITE_EST,0.0006244983572431,0.0624%,,
2025-12-01,80.0,ARM,ARM HOLDINGS PLC ADR,SATELLITE_EST,0.0005948832252396,0.0595%,,
2025-12-01,81.0,DIS,WALT DISNEY CO,SATELLITE_EST,0.0005666725101308,0.0567%,,
2025-12-01,82.0,T,AT AND T INC,SATELLITE_EST,0.0005397996112742,0.054%,,
2025-12-01,83.0,NVO,NVO,SATELLITE_EST,0.0005142010863816,0.0514%,,
2025-12-01,84.0,CRM,CRM,SATELLITE_EST,0.0004898165017419,0.049%,,
2025-12-01,85.0,BA,BOEING CO,SATELLITE_EST,0.0004665882895484,0.0467%,,
2025-12-01,86.0,SHOP,SHOP,SATELLITE_EST,0.0004444616119903,0.0444%,,
2025-12-01,87.0,GILD,GILEAD SCIENCES INC,SATELLITE_EST,0.0004233842317908,0.0423%,,
2025-12-01,88.0,APP,APP,SATELLITE_EST,0.0004033063888834,0.0403%,,
2025-12-01,89.0,UBER,UBER TECHNOLOGIES INC,SATELLITE_EST,0.000384180682937,0.0384%,,
2025-12-01,90.0,PFE,PFIZER INC,SATELLITE_EST,0.0003659619614522,0.0366%,,
2025-12-01,91.0,QCOM,QUALCOMM INC,SATELLITE_EST,0.0003486072131635,0.0349%,,
2025-12-01,92.0,DELL,DELL,SATELLITE_EST,0.0003320754664976,0.0332%,,
2025-12-01,93.0,VRT,VRT,SATELLITE_EST,0.0003163276928464,0.0316%,,
2025-12-01,94.0,SBUX,STARBUCKS CORP,SATELLITE_EST,0.0003013267144269,0.0301%,,
2025-12-01,95.0,ADBE,ADOBE INC,SATELLITE_EST,0.0002870371165113,0.0287%,,
2025-12-01,96.0,SNPS,SNPS,SATELLITE_EST,0.0002734251638188,0.0273%,,
2025-12-01,97.0,CVNA,CVNA,SATELLITE_EST,0.000260458720872,0.026%,,
2025-12-01,98.0,ABNB,AIRBNB INC CL A,SATELLITE_EST,0.0002481071761311,0.0248%,,
2025-12-01,99.0,IAU,ISHARES GOLD TRUST,SATELLITE_EST,0.0002363413697252,0.0236%,,
2026-05-04,,TSLA,,,,,,
2026-05-04,,NVDA,,,,,,
2026-05-04,,GOOGL,,,,,,
2026-05-04,,PLTR,,,,,,
2026-05-04,,QQQ,,,,,,
2026-05-04,,AAPL,,,,,,
2026-05-04,,VOO,,,,,,
2026-05-04,,IONQ,,,,,,
2026-05-04,,TQQQ,,,,,,
2026-05-04,,MSFT,,,,,,
2026-05-04,,AVGO,,,,,,
2026-05-04,,SOXL,,,,,,
2026-05-04,,SCHD,,,,,,
2026-05-04,,SPY,,,,,,
2026-05-04,,AMZN,,,,,,
2026-05-04,,SNDK,,,,,,
2026-05-04,,QQQM,,,,,,
2026-05-04,,TSLL,,,,,,
2026-05-04,,MU,,,,,,
2026-05-04,,QLD,,,,,,
2026-05-04,,SGOV,,,,,,
2026-05-04,,TSM,,,,,,
2026-05-04,,GOOG,,,,,,
2026-05-04,,INTC,,,,,,
2026-05-04,,JEPQ,,,,,,
2026-05-04,,META,,,,,,
2026-05-04,,IREN,,,,,,
2026-05-04,,AMD,,,,,,
2026-05-04,,RKLB,,,,,,
2026-05-04,,SPLG,,,,,,
2026-05-04,,CRCL,,,,,,
2026-05-04,,MSTR,,,,,,
2026-05-04,,SOXX,,,,,,
2026-05-04,,BIMI,,,,,,
2026-05-04,,LITE,,,,,,
2026-05-04,,JEPI,,,,,,
2026-05-04,,UNH,,,,,,
2026-05-04,,SMH,,,,,,
2026-05-04,,JOBY,,,,,,
2026-05-04,,O,,,,,,
2026-05-04,,SMR,,,,,,
2026-05-04,,ORCL,,,,,,
2026-05-04,,BRK.B,,,,,,
2026-05-04,,IVV,,,,,,
2026-05-04,,TLT,,,,,,
2026-05-04,,ASML,,,,,,
2026-05-04,,GLD,,,,,,
2026-05-04,,BE,,,,,,
2026-05-04,,GEV,,,,,,
2026-05-04,,SLV,,,,,,
2026-05-04,,NFLX,,,,,,
2026-05-04,,CPNG,,,,,,
2026-05-04,,KO,,,,,,
2026-05-04,,KORU,,,,,,
2026-05-04,,NVDL,,,,,,
2026-05-04,,AMAT,,,,,,
2026-05-04,,OKLO,,,,,,
2026-05-04,,BRK.A,,,,,,
2026-05-04,,RGTI,,,,,,
2026-05-04,,LLY,,,,,,
2026-05-04,,PFE,,,,,,
2026-05-04,,VRT,,,,,,
2026-05-04,,COIN,,,,,,
2026-05-04,,SNDU,,,,,,
2026-05-04,,BITX,,,,,,
2026-05-04,,BITO,,,,,,
2026-05-04,,PLUG,,,,,,
2026-05-04,,TEM,,,,,,
2026-05-04,,COST,,,,,,
2026-05-04,,GRAB,,,,,,
2026-05-04,,VTI,,,,,,
2026-05-04,,NKE,,,,,,
2026-05-04,,PLTU,,,,,,
2026-05-04,,COHR,,,,,,
2026-05-04,,ASTS,,,,,,
2026-05-04,,HOOD,,,,,,
2026-05-04,,CRWV,,,,,,
2026-05-04,,BITU,,,,,,
2026-05-04,,MUU,,,,,,
2026-05-04,,QCOM,,,,,,
2026-05-04,,JNJ,,,,,,
2026-05-04,,UPRO,,,,,,
2026-05-04,,QBTS,,,,,,
2026-05-04,,NVD,,,,,,
2026-05-04,,ARM,,,,,,
2026-05-04,,NVO,,,,,,
2026-05-04,,LAES,,,,,,
2026-05-04,,SSO,,,,,,
2026-05-04,,OXY,,,,,,
2026-05-04,,AAOI,,,,,,
2026-05-04,,QYLD,,,,,,
2026-05-04,,BMNR,,,,,,
2026-05-04,,RXRX,,,,,,
2026-05-04,,BOXX,,,,,,
2026-05-04,,SNPS,,,,,,
2026-05-04,,VT,,,,,,
2026-05-04,,JPM,,,,,,
2026-05-04,,XOM,,,,,,
2026-05-04,,BA,,,,,,
2026-05-04,,RDW,,,,,,
2026-05-11,,TSLA,,,,,,
2026-05-11,,NVDA,,,,,,
2026-05-11,,GOOGL,,,,,,
2026-05-11,,IONQ,,,,,,
2026-05-11,,QQQ,,,,,,
2026-05-11,,SOXL,,,,,,
2026-05-11,,AAPL,,,,,,
2026-05-11,,PLTR,,,,,,
2026-05-11,,TQQQ,,,,,,
2026-05-11,,VOO,,,,,,
2026-05-11,,MSFT,,,,,,
2026-05-11,,AVGO,,,,,,
2026-05-11,,MU,,,,,,
2026-05-11,,SCHD,,,,,,
2026-05-11,,SPY,,,,,,
2026-05-11,,SNDK,,,,,,
2026-05-11,,TSLL,,,,,,
2026-05-11,,QQQM,,,,,,
2026-05-11,,AMZN,,,,,,
2026-05-11,,QLD,,,,,,
2026-05-11,,INTC,,,,,,
2026-05-11,,RKLB,,,,,,
2026-05-11,,AMD,,,,,,
2026-05-11,,SGOV,,,,,,
2026-05-11,,GOOG,,,,,,
2026-05-11,,TSM,,,,,,
2026-05-11,,JEPQ,,,,,,
2026-05-11,,IREN,,,,,,
2026-05-11,,META,,,,,,
2026-05-11,,SPLG,,,,,,
2026-05-11,,CRCL,,,,,,
2026-05-11,,SOXX,,,,,,
2026-05-11,,MSTR,,,,,,
2026-05-11,,BIMI,,,,,,
2026-05-11,,LITE,,,,,,
2026-05-11,,JOBY,,,,,,
2026-05-11,,SMH,,,,,,
2026-05-11,,UNH,,,,,,
2026-05-11,,SMR,,,,,,
2026-05-11,,O,,,,,,
2026-05-11,,KORU,,,,,,
2026-05-11,,ORCL,,,,,,
2026-05-11,,BRK.B,,,,,,
2026-05-11,,ASML,,,,,,
2026-05-11,,IVV,,,,,,
2026-05-11,,SLV,,,,,,
2026-05-11,,GLD,,,,,,
2026-05-11,,TLT,,,,,,
2026-05-11,,GEV,,,,,,
2026-05-11,,BE,,,,,,
2026-05-11,,NVDL,,,,,,
2026-05-11,,SNDU,,,,,,
2026-05-11,,METV,,,,,,
2026-05-11,,AMAT,,,,,,
2026-05-11,,KO,,,,,,
2026-05-11,,OKLO,,,,,,
2026-05-11,,RGTI,,,,,,
2026-05-11,,BRK.A,,,,,,
2026-05-11,,CPNG,,,,,,
2026-05-11,,VRT,,,,,,
2026-05-11,,PFE,,,,,,
2026-05-11,,COIN,,,,,,
2026-05-11,,LLY,,,,,,
2026-05-11,,MUU,,,,,,
2026-05-11,,BITX,,,,,,
2026-05-11,,PLUG,,,,,,
2026-05-11,,BITO,,,,,,
2026-05-11,,ASTS,,,,,,
2026-05-11,,QCOM,,,,,,
2026-05-11,,COHR,,,,,,
2026-05-11,,VTI,,,,,,
2026-05-11,,GRAB,,,,,,
2026-05-11,,NKE,,,,,,
2026-05-11,,COST,,,,,,
2026-05-11,,PLTU,,,,,,
2026-05-11,,HOOD,,,,,,
2026-05-11,,TEM,,,,,,
2026-05-11,,CRWV,,,,,,
2026-05-11,,NVD,,,,,,
2026-05-11,,BITU,,,,,,
2026-05-11,,QBTS,,,,,,
2026-05-11,,UPRO,,,,,,
2026-05-11,,ARM,,,,,,
2026-05-11,,JNJ,,,,,,
2026-05-11,,RDW,,,,,,
2026-05-11,,NVO,,,,,,
2026-05-11,,LAES,,,,,,
2026-05-11,,BOXX,,,,,,
2026-05-11,,AAOI,,,,,,
2026-05-11,,BMNR,,,,,,
2026-05-11,,QYLD,,,,,,
2026-05-11,,SNPS,,,,,,
2026-05-11,,RXRX,,,,,,
2026-05-11,,JPM,,,,,,
2026-05-11,,OXY,,,,,,
2026-05-11,,XOM,,,,,,
2026-05-11,,BA,,,,,,
2026-05-11,,JEPI,,,,,,
2026-05-11,,NFLX,,,,,,
2026-05-11,,SSO,,,,,,
