锘縞ategory,theme_id,theme_name,ticker,type,rank
,4,矛聜卢矛聺麓毛虏聞 毛鲁麓矛聲聢,PANW,stock,1
,4,矛聜卢矛聺麓毛虏聞 毛鲁麓矛聲聢,CRWD,stock,2
,4,矛聜卢矛聺麓毛虏聞 毛鲁麓矛聲聢,FTNT,stock,3
,4,矛聜卢矛聺麓毛虏聞 毛鲁麓矛聲聢,ZS,stock,4
,4,矛聜卢矛聺麓毛虏聞 毛鲁麓矛聲聢,S,stock,5
,4,矛聜卢矛聺麓毛虏聞 毛鲁麓矛聲聢,CIBR,etf,1
,4,矛聜卢矛聺麓毛虏聞 毛鲁麓矛聲聢,BUG,etf,2
,5,铆聛麓毛聺录矛職掳毛聯聹 & SW,MSFT,stock,1
,5,铆聛麓毛聺录矛職掳毛聯聹 & SW,AMZN,stock,2
,5,铆聛麓毛聺录矛職掳毛聯聹 & SW,ORCL,stock,3
,5,铆聛麓毛聺录矛職掳毛聯聹 & SW,CRM,stock,4
,5,铆聛麓毛聺录矛職掳毛聯聹 & SW,SNOW,stock,5
,5,铆聛麓毛聺录矛職掳毛聯聹 & SW,SKYY,etf,1
,5,铆聛麓毛聺录矛職掳毛聯聹 & SW,WCLD,etf,2
,6,毛聰聰矛搂聙铆聞赂 锚赂聢矛聹碌,V,stock,1
,6,毛聰聰矛搂聙铆聞赂 锚赂聢矛聹碌,ADYEY,stock,2
,6,毛聰聰矛搂聙铆聞赂 锚赂聢矛聹碌,INTU,stock,3
,6,毛聰聰矛搂聙铆聞赂 锚赂聢矛聹碌,NU,stock,4
,6,毛聰聰矛搂聙铆聞赂 锚赂聢矛聹碌,SOFI,stock,5
,6,毛聰聰矛搂聙铆聞赂 锚赂聢矛聹碌,FINX,etf,1
,6,毛聰聰矛搂聙铆聞赂 锚赂聢矛聹碌,IPAY,etf,2
,7,毛赂聰毛隆聺矛虏麓矛聺赂,MSTR,stock,1
,7,毛赂聰毛隆聺矛虏麓矛聺赂,COIN,stock,2
,7,毛赂聰毛隆聺矛虏麓矛聺赂,CLSK,stock,3
,7,毛赂聰毛隆聺矛虏麓矛聺赂,RIOT,stock,4
,7,毛赂聰毛隆聺矛虏麓矛聺赂,CORZ,stock,5
,7,毛赂聰毛隆聺矛虏麓矛聺赂,BLOK,etf,1
,7,毛赂聰毛隆聺矛虏麓矛聺赂,BITQ,etf,2
,8,锚虏聦矛聻聞 & 毛漏聰铆聝聙毛虏聞矛聤陇,AAPL,stock,1
,8,锚虏聦矛聻聞 & 毛漏聰铆聝聙毛虏聞矛聤陇,META,stock,2
,8,锚虏聦矛聻聞 & 毛漏聰铆聝聙毛虏聞矛聤陇,RBLX,stock,3
,8,锚虏聦矛聻聞 & 毛漏聰铆聝聙毛虏聞矛聤陇,TTWO,stock,4
,8,锚虏聦矛聻聞 & 毛漏聰铆聝聙毛虏聞矛聤陇,U,stock,5
,8,锚虏聦矛聻聞 & 毛漏聰铆聝聙毛虏聞矛聤陇,HERO,etf,1
,8,锚虏聦矛聻聞 & 毛漏聰铆聝聙毛虏聞矛聤陇,METV,etf,2
,9,AI 矛聢聵矛聺碌铆聶聰,NOW,stock,1
,9,AI 矛聢聵矛聺碌铆聶聰,APP,stock,2
,9,AI 矛聢聵矛聺碌铆聶聰,ADBE,stock,3
,9,AI 矛聢聵矛聺碌铆聶聰,HUBS,stock,4
,9,AI 矛聢聵矛聺碌铆聶聰,MNDY,stock,5
,9,AI 矛聢聵矛聺碌铆聶聰,THNQ,etf,1
,9,AI 矛聢聵矛聺碌铆聶聰,IGV,etf,2
,10,矛聳聭矛聻聬 矛禄麓铆聯篓铆聞掳,IONQ,stock,1
,10,矛聳聭矛聻聬 矛禄麓铆聯篓铆聞掳,QBTS,stock,2
,10,矛聳聭矛聻聬 矛禄麓铆聯篓铆聞掳,KEYS,stock,3
,10,矛聳聭矛聻聬 矛禄麓铆聯篓铆聞掳,HON,stock,4
,10,矛聳聭矛聻聬 矛禄麓铆聯篓铆聞掳,LSCC,stock,5
,10,矛聳聭矛聻聬 矛禄麓铆聯篓铆聞掳,QTUM,etf,1
,10,矛聳聭矛聻聬 矛禄麓铆聯篓铆聞掳,WQTM,etf,2
,11,毛聰聰矛搂聙铆聞赂 铆聤赂矛聹聢,SNPS,stock,1
,11,毛聰聰矛搂聙铆聞赂 铆聤赂矛聹聢,IOT,stock,2
,11,毛聰聰矛搂聙铆聞赂 铆聤赂矛聹聢,ADSK,stock,3
,11,毛聰聰矛搂聙铆聞赂 铆聤赂矛聹聢,BSY,stock,4
,11,毛聰聰矛搂聙铆聞赂 铆聤赂矛聹聢,PTC,stock,5
,11,毛聰聰矛搂聙铆聞赂 铆聤赂矛聹聢,SNSR,etf,1
,11,毛聰聰矛搂聙铆聞赂 铆聤赂矛聹聢,KOMP,etf,2
,12,RWA 铆聠聽铆聛掳铆聶聰,COIN,stock,1
,12,RWA 铆聠聽铆聛掳铆聶聰,ICE,stock,2
,12,RWA 铆聠聽铆聛掳铆聶聰,BLK,stock,3
,12,RWA 铆聠聽铆聛掳铆聶聰,WT,stock,4
,12,RWA 铆聠聽铆聛掳铆聶聰,HOOD,stock,5
,12,RWA 铆聠聽铆聛掳铆聶聰,BLOK,etf,1
,12,RWA 铆聠聽铆聛掳铆聶聰,BKCH,etf,2
,13,AI 矛聴拢矛搂聙 毛聰聰毛掳聰矛聺麓矛聤陇,QCOM,stock,1
,13,AI 矛聴拢矛搂聙 毛聰聰毛掳聰矛聺麓矛聤陇,DELL,stock,2
,13,AI 矛聴拢矛搂聙 毛聰聰毛掳聰矛聺麓矛聤陇,AMD,stock,3
,13,AI 矛聴拢矛搂聙 毛聰聰毛掳聰矛聺麓矛聤陇,NXPI,stock,4
,13,AI 矛聴拢矛搂聙 毛聰聰毛掳聰矛聺麓矛聤陇,MU,stock,5
,13,AI 矛聴拢矛搂聙 毛聰聰毛掳聰矛聺麓矛聤陇,SOXQ,etf,1
,13,AI 矛聴拢矛搂聙 毛聰聰毛掳聰矛聺麓矛聤陇,XSD,etf,2
,14,毛掳聵毛聫聞矛虏麓 铆聦篓铆聜陇矛搂聲,AMAT,stock,1
,14,毛掳聵毛聫聞矛虏麓 铆聦篓铆聜陇矛搂聲,AMKR,stock,2
,14,毛掳聵毛聫聞矛虏麓 铆聦篓铆聜陇矛搂聲,ONTO,stock,3
,14,毛掳聵毛聫聞矛虏麓 铆聦篓铆聜陇矛搂聲,CAMT,stock,4
,14,毛掳聵毛聫聞矛虏麓 铆聦篓铆聜陇矛搂聲,LRCX,stock,5
,14,毛掳聵毛聫聞矛虏麓 铆聦篓铆聜陇矛搂聲,PSI,etf,1
,14,毛掳聵毛聫聞矛虏麓 铆聦篓铆聜陇矛搂聲,FTXL,etf,2
,15,矛聤陇毛搂聢铆聤赂 矛聥聹铆聥掳,ITRI,stock,1
,15,矛聤陇毛搂聢铆聤赂 矛聥聹铆聥掳,JCI,stock,2
,15,矛聤陇毛搂聢铆聤赂 矛聥聹铆聥掳,TYL,stock,3
,15,矛聤陇毛搂聢铆聤赂 矛聥聹铆聥掳,ROP,stock,4
,15,矛聤陇毛搂聢铆聤赂 矛聥聹铆聥掳,EQIX,stock,5
,15,矛聤陇毛搂聢铆聤赂 矛聥聹铆聥掳,GRID,etf,1
,15,矛聤陇毛搂聢铆聤赂 矛聥聹铆聥掳,SIMS,etf,2
,16,毛聧掳矛聺麓铆聞掳 铆聰聞毛聺录矛聺麓毛虏聞矛聥聹,VRNS,stock,1
,16,毛聧掳矛聺麓铆聞掳 铆聰聞毛聺录矛聺麓毛虏聞矛聥聹,OKTA,stock,2
,16,毛聧掳矛聺麓铆聞掳 铆聰聞毛聺录矛聺麓毛虏聞矛聥聹,CHKP,stock,3
,16,毛聧掳矛聺麓铆聞掳 铆聰聞毛聺录矛聺麓毛虏聞矛聥聹,NET,stock,4
,16,毛聧掳矛聺麓铆聞掳 铆聰聞毛聺录矛聺麓毛虏聞矛聥聹,RBRK,stock,5
,16,毛聧掳矛聺麓铆聞掳 铆聰聞毛聺录矛聺麓毛虏聞矛聥聹,IHAK,etf,1
,16,毛聧掳矛聺麓铆聞掳 铆聰聞毛聺录矛聺麓毛虏聞矛聥聹,HACK,etf,2
,17,AI 锚掳聙矛聝聛 毛鹿聞矛聞聹,NICE,stock,1
,17,AI 锚掳聙矛聝聛 毛鹿聞矛聞聹,FIVN,stock,2
,17,AI 锚掳聙矛聝聛 毛鹿聞矛聞聹,CXM,stock,3
,17,AI 锚掳聙矛聝聛 毛鹿聞矛聞聹,FRSH,stock,4
,17,AI 锚掳聙矛聝聛 毛鹿聞矛聞聹,AI,stock,5
,17,AI 锚掳聙矛聝聛 毛鹿聞矛聞聹,CHAT,etf,1
,17,AI 锚掳聙矛聝聛 毛鹿聞矛聞聹,XSW,etf,2
,18,毛掳聵毛聫聞矛虏麓 矛聞陇锚鲁聞 矛聠聦铆聰聞铆聤赂矛聸篓矛聳麓,CDNS,stock,1
,18,毛掳聵毛聫聞矛虏麓 矛聞陇锚鲁聞 矛聠聦铆聰聞铆聤赂矛聸篓矛聳麓,PDFS,stock,2
,18,毛掳聵毛聫聞矛虏麓 矛聞陇锚鲁聞 矛聠聦铆聰聞铆聤赂矛聸篓矛聳麓,SVCO,stock,3
,18,毛掳聵毛聫聞矛虏麓 矛聞陇锚鲁聞 矛聠聦铆聰聞铆聤赂矛聸篓矛聳麓,LSCC,stock,4
,18,毛掳聵毛聫聞矛虏麓 矛聞陇锚鲁聞 矛聠聦铆聰聞铆聤赂矛聸篓矛聳麓,CEVA,stock,5
,18,毛掳聵毛聫聞矛虏麓 矛聞陇锚鲁聞 矛聠聦铆聰聞铆聤赂矛聸篓矛聳麓,RSPT,etf,1
,18,毛掳聵毛聫聞矛虏麓 矛聞陇锚鲁聞 矛聠聦铆聰聞铆聤赂矛聸篓矛聳麓,SMHX,etf,2
矛聴聬毛聞聢矛搂聙 矛拢录锚露聦 & 矛搂聙锚碌卢矛聺聵 毛炉赂毛聻聵 (Energy Transition),19,矛掳篓矛聞赂毛聦聙 矛聸聬矛聻聬毛聽楼,CEG,stock,1
矛聴聬毛聞聢矛搂聙 矛拢录锚露聦 & 矛搂聙锚碌卢矛聺聵 毛炉赂毛聻聵 (Energy Transition),19,矛掳篓矛聞赂毛聦聙 矛聸聬矛聻聬毛聽楼,CCJ,stock,2
矛聴聬毛聞聢矛搂聙 矛拢录锚露聦 & 矛搂聙锚碌卢矛聺聵 毛炉赂毛聻聵 (Energy Transition),19,矛掳篓矛聞赂毛聦聙 矛聸聬矛聻聬毛聽楼,VST,stock,3
矛聴聬毛聞聢矛搂聙 矛拢录锚露聦 & 矛搂聙锚碌卢矛聺聵 毛炉赂毛聻聵 (Energy Transition),19,矛掳篓矛聞赂毛聦聙 矛聸聬矛聻聬毛聽楼,OKLO,stock,4
矛聴聬毛聞聢矛搂聙 矛拢录锚露聦 & 矛搂聙锚碌卢矛聺聵 毛炉赂毛聻聵 (Energy Transition),19,矛掳篓矛聞赂毛聦聙 矛聸聬矛聻聬毛聽楼,BWXT,stock,5
矛聴聬毛聞聢矛搂聙 矛拢录锚露聦 & 矛搂聙锚碌卢矛聺聵 毛炉赂毛聻聵 (Energy Transition),19,矛掳篓矛聞赂毛聦聙 矛聸聬矛聻聬毛聽楼,URA,etf,1
矛聴聬毛聞聢矛搂聙 矛拢录锚露聦 & 矛搂聙锚碌卢矛聺聵 毛炉赂毛聻聵 (Energy Transition),19,矛掳篓矛聞赂毛聦聙 矛聸聬矛聻聬毛聽楼,URNM,etf,2
矛聴聬毛聞聢矛搂聙 矛拢录锚露聦 & 矛搂聙锚碌卢矛聺聵 毛炉赂毛聻聵 (Energy Transition),20,矛虏颅矛聽聲 矛聴聬毛聞聢矛搂聙,FSLR,stock,1
矛聴聬毛聞聢矛搂聙 矛拢录锚露聦 & 矛搂聙锚碌卢矛聺聵 毛炉赂毛聻聵 (Energy Transition),20,矛虏颅矛聽聲 矛聴聬毛聞聢矛搂聙,NEE,stock,2
矛聴聬毛聞聢矛搂聙 矛拢录锚露聦 & 矛搂聙锚碌卢矛聺聵 毛炉赂毛聻聵 (Energy Transition),20,矛虏颅矛聽聲 矛聴聬毛聞聢矛搂聙,BEP,stock,3
矛聴聬毛聞聢矛搂聙 矛拢录锚露聦 & 矛搂聙锚碌卢矛聺聵 毛炉赂毛聻聵 (Energy Transition),20,矛虏颅矛聽聲 矛聴聬毛聞聢矛搂聙,GEV,stock,4
矛聴聬毛聞聢矛搂聙 矛拢录锚露聦 & 矛搂聙锚碌卢矛聺聵 毛炉赂毛聻聵 (Energy Transition),20,矛虏颅矛聽聲 矛聴聬毛聞聢矛搂聙,ENPH,stock,5
矛聴聬毛聞聢矛搂聙 矛拢录锚露聦 & 矛搂聙锚碌卢矛聺聵 毛炉赂毛聻聵 (Energy Transition),20,矛虏颅矛聽聲 矛聴聬毛聞聢矛搂聙,ICLN,etf,1
矛聴聬毛聞聢矛搂聙 矛拢录锚露聦 & 矛搂聙锚碌卢矛聺聵 毛炉赂毛聻聵 (Energy Transition),20,矛虏颅矛聽聲 矛聴聬毛聞聢矛搂聙,QCLN,etf,2
矛聴聬毛聞聢矛搂聙 矛拢录锚露聦 & 矛搂聙锚碌卢矛聺聵 毛炉赂毛聻聵 (Energy Transition),21,锚赂掳铆聸聞 毛鲁聙铆聶聰,OXY,stock,1
矛聴聬毛聞聢矛搂聙 矛拢录锚露聦 & 矛搂聙锚碌卢矛聺聵 毛炉赂毛聻聵 (Energy Transition),21,锚赂掳铆聸聞 毛鲁聙铆聶聰,ORA,stock,2
矛聴聬毛聞聢矛搂聙 矛拢录锚露聦 & 矛搂聙锚碌卢矛聺聵 毛炉赂毛聻聵 (Energy Transition),21,锚赂掳铆聸聞 毛鲁聙铆聶聰,EMR,stock,3
矛聴聬毛聞聢矛搂聙 矛拢录锚露聦 & 矛搂聙锚碌卢矛聺聵 毛炉赂毛聻聵 (Energy Transition),21,锚赂掳铆聸聞 毛鲁聙铆聶聰,PWR,stock,4
矛聴聬毛聞聢矛搂聙 矛拢录锚露聦 & 矛搂聙锚碌卢矛聺聵 毛炉赂毛聻聵 (Energy Transition),21,锚赂掳铆聸聞 毛鲁聙铆聶聰,MORN,stock,5
矛聴聬毛聞聢矛搂聙 矛拢录锚露聦 & 矛搂聙锚碌卢矛聺聵 毛炉赂毛聻聵 (Energy Transition),21,锚赂掳铆聸聞 毛鲁聙铆聶聰,KRBN,etf,1
矛聴聬毛聞聢矛搂聙 矛拢录锚露聦 & 矛搂聙锚碌卢矛聺聵 毛炉赂毛聻聵 (Energy Transition),21,锚赂掳铆聸聞 毛鲁聙铆聶聰,ERTH,etf,2
矛聴聬毛聞聢矛搂聙 矛拢录锚露聦 & 矛搂聙锚碌卢矛聺聵 毛炉赂毛聻聵 (Energy Transition),22,矛聽聞毛聽楼毛搂聺 矛聺赂铆聰聞毛聺录,ETN,stock,1
矛聴聬毛聞聢矛搂聙 矛拢录锚露聦 & 矛搂聙锚碌卢矛聺聵 毛炉赂毛聻聵 (Energy Transition),22,矛聽聞毛聽楼毛搂聺 矛聺赂铆聰聞毛聺录,PWR,stock,2
矛聴聬毛聞聢矛搂聙 矛拢录锚露聦 & 矛搂聙锚碌卢矛聺聵 毛炉赂毛聻聵 (Energy Transition),22,矛聽聞毛聽楼毛搂聺 矛聺赂铆聰聞毛聺录,VRT,stock,3
矛聴聬毛聞聢矛搂聙 矛拢录锚露聦 & 矛搂聙锚碌卢矛聺聵 毛炉赂毛聻聵 (Energy Transition),22,矛聽聞毛聽楼毛搂聺 矛聺赂铆聰聞毛聺录,HUBB,stock,4
矛聴聬毛聞聢矛搂聙 矛拢录锚露聦 & 矛搂聙锚碌卢矛聺聵 毛炉赂毛聻聵 (Energy Transition),22,矛聽聞毛聽楼毛搂聺 矛聺赂铆聰聞毛聺录,AEP,stock,5
矛聴聬毛聞聢矛搂聙 矛拢录锚露聦 & 矛搂聙锚碌卢矛聺聵 毛炉赂毛聻聵 (Energy Transition),22,矛聽聞毛聽楼毛搂聺 矛聺赂铆聰聞毛聺录,POWR,etf,1
矛聴聬毛聞聢矛搂聙 矛拢录锚露聦 & 矛搂聙锚碌卢矛聺聵 毛炉赂毛聻聵 (Energy Transition),22,矛聽聞毛聽楼毛搂聺 矛聺赂铆聰聞毛聺录,XLU,etf,2
矛聴聬毛聞聢矛搂聙 矛拢录锚露聦 & 矛搂聙锚碌卢矛聺聵 毛炉赂毛聻聵 (Energy Transition),23,锚碌卢毛娄卢 / 铆聺卢铆聠聽毛楼聵,FCX,stock,1
矛聴聬毛聞聢矛搂聙 矛拢录锚露聦 & 矛搂聙锚碌卢矛聺聵 毛炉赂毛聻聵 (Energy Transition),23,锚碌卢毛娄卢 / 铆聺卢铆聠聽毛楼聵,SCCO,stock,2
矛聴聬毛聞聢矛搂聙 矛拢录锚露聦 & 矛搂聙锚碌卢矛聺聵 毛炉赂毛聻聵 (Energy Transition),23,锚碌卢毛娄卢 / 铆聺卢铆聠聽毛楼聵,MP,stock,3
矛聴聬毛聞聢矛搂聙 矛拢录锚露聦 & 矛搂聙锚碌卢矛聺聵 毛炉赂毛聻聵 (Energy Transition),23,锚碌卢毛娄卢 / 铆聺卢铆聠聽毛楼聵,TECK,stock,4
矛聴聬毛聞聢矛搂聙 矛拢录锚露聦 & 矛搂聙锚碌卢矛聺聵 毛炉赂毛聻聵 (Energy Transition),23,锚碌卢毛娄卢 / 铆聺卢铆聠聽毛楼聵,ALB,stock,5
矛聴聬毛聞聢矛搂聙 矛拢录锚露聦 & 矛搂聙锚碌卢矛聺聵 毛炉赂毛聻聵 (Energy Transition),23,锚碌卢毛娄卢 / 铆聺卢铆聠聽毛楼聵,COPX,etf,1
矛聴聬毛聞聢矛搂聙 矛拢录锚露聦 & 矛搂聙锚碌卢矛聺聵 毛炉赂毛聻聵 (Energy Transition),23,锚碌卢毛娄卢 / 铆聺卢铆聠聽毛楼聵,REMX,etf,2
矛聴聬毛聞聢矛搂聙 矛拢录锚露聦 & 矛搂聙锚碌卢矛聺聵 毛炉赂毛聻聵 (Energy Transition),24,矛聢聵矛聠聦 锚虏陆矛聽聹,BE,stock,1
矛聴聬毛聞聢矛搂聙 矛拢录锚露聦 & 矛搂聙锚碌卢矛聺聵 毛炉赂毛聻聵 (Energy Transition),24,矛聢聵矛聠聦 锚虏陆矛聽聹,LIN,stock,2
矛聴聬毛聞聢矛搂聙 矛拢录锚露聦 & 矛搂聙锚碌卢矛聺聵 毛炉赂毛聻聵 (Energy Transition),24,矛聢聵矛聠聦 锚虏陆矛聽聹,PLUG,stock,3
矛聴聬毛聞聢矛搂聙 矛拢录锚露聦 & 矛搂聙锚碌卢矛聺聵 毛炉赂毛聻聵 (Energy Transition),24,矛聢聵矛聠聦 锚虏陆矛聽聹,APD,stock,4
矛聴聬毛聞聢矛搂聙 矛拢录锚露聦 & 矛搂聙锚碌卢矛聺聵 毛炉赂毛聻聵 (Energy Transition),24,矛聢聵矛聠聦 锚虏陆矛聽聹,BLDP,stock,5
矛聴聬毛聞聢矛搂聙 矛拢录锚露聦 & 矛搂聙锚碌卢矛聺聵 毛炉赂毛聻聵 (Energy Transition),24,矛聢聵矛聠聦 锚虏陆矛聽聹,HYDR,etf,1
矛聴聬毛聞聢矛搂聙 矛拢录锚露聦 & 矛搂聙锚碌卢矛聺聵 毛炉赂毛聻聵 (Energy Transition),25,毛聧掳矛聺麓铆聞掳矛聞录铆聞掳 矛聴麓锚麓聙毛娄卢,MOD,stock,1
矛聴聬毛聞聢矛搂聙 矛拢录锚露聦 & 矛搂聙锚碌卢矛聺聵 毛炉赂毛聻聵 (Energy Transition),25,毛聧掳矛聺麓铆聞掳矛聞录铆聞掳 矛聴麓锚麓聙毛娄卢,NVT,stock,2
矛聴聬毛聞聢矛搂聙 矛拢录锚露聦 & 矛搂聙锚碌卢矛聺聵 毛炉赂毛聻聵 (Energy Transition),25,毛聧掳矛聺麓铆聞掳矛聞录铆聞掳 矛聴麓锚麓聙毛娄卢,SMCI,stock,3
矛聴聬毛聞聢矛搂聙 矛拢录锚露聦 & 矛搂聙锚碌卢矛聺聵 毛炉赂毛聻聵 (Energy Transition),25,毛聧掳矛聺麓铆聞掳矛聞录铆聞掳 矛聴麓锚麓聙毛娄卢,TT,stock,4
矛聴聬毛聞聢矛搂聙 矛拢录锚露聦 & 矛搂聙锚碌卢矛聺聵 毛炉赂毛聻聵 (Energy Transition),25,毛聧掳矛聺麓铆聞掳矛聞录铆聞掳 矛聴麓锚麓聙毛娄卢,CARR,stock,5
矛聴聬毛聞聢矛搂聙 矛拢录锚露聦 & 矛搂聙锚碌卢矛聺聵 毛炉赂毛聻聵 (Energy Transition),25,毛聧掳矛聺麓铆聞掳矛聞录铆聞掳 矛聴麓锚麓聙毛娄卢,DTCR,etf,1
矛聴聬毛聞聢矛搂聙 矛拢录锚露聦 & 矛搂聙锚碌卢矛聺聵 毛炉赂毛聻聵 (Energy Transition),25,毛聧掳矛聺麓铆聞掳矛聞录铆聞掳 矛聴麓锚麓聙毛娄卢,SRVR,etf,2
矛聴聬毛聞聢矛搂聙 矛拢录锚露聦 & 矛搂聙锚碌卢矛聺聵 毛炉赂毛聻聵 (Energy Transition),26,矛聢聹铆聶聵 锚虏陆矛聽聹,WM,stock,1
矛聴聬毛聞聢矛搂聙 矛拢录锚露聦 & 矛搂聙锚碌卢矛聺聵 毛炉赂毛聻聵 (Energy Transition),26,矛聢聹铆聶聵 锚虏陆矛聽聹,RSG,stock,2
矛聴聬毛聞聢矛搂聙 矛拢录锚露聦 & 矛搂聙锚碌卢矛聺聵 毛炉赂毛聻聵 (Energy Transition),26,矛聢聹铆聶聵 锚虏陆矛聽聹,CLH,stock,3
矛聴聬毛聞聢矛搂聙 矛拢录锚露聦 & 矛搂聙锚碌卢矛聺聵 毛炉赂毛聻聵 (Energy Transition),26,矛聢聹铆聶聵 锚虏陆矛聽聹,DAR,stock,4
矛聴聬毛聞聢矛搂聙 矛拢录锚露聦 & 矛搂聙锚碌卢矛聺聵 毛炉赂毛聻聵 (Energy Transition),26,矛聢聹铆聶聵 锚虏陆矛聽聹,PCT,stock,5
矛聴聬毛聞聢矛搂聙 矛拢录锚露聦 & 矛搂聙锚碌卢矛聺聵 毛炉赂毛聻聵 (Energy Transition),26,矛聢聹铆聶聵 锚虏陆矛聽聹,EVX,etf,1
矛聴聬毛聞聢矛搂聙 矛拢录锚露聦 & 矛搂聙锚碌卢矛聺聵 毛炉赂毛聻聵 (Energy Transition),26,矛聢聹铆聶聵 锚虏陆矛聽聹,EFRA,etf,2
矛聴聬毛聞聢矛搂聙 矛拢录锚露聦 & 矛搂聙锚碌卢矛聺聵 毛炉赂毛聻聵 (Energy Transition),27,铆聫聬毛掳掳铆聞掳毛娄卢 毛娄卢矛聜卢矛聺麓铆聛麓,ABAT,stock,1
矛聴聬毛聞聢矛搂聙 矛拢录锚露聦 & 矛搂聙锚碌卢矛聺聵 毛炉赂毛聻聵 (Energy Transition),27,铆聫聬毛掳掳铆聞掳毛娄卢 毛娄卢矛聜卢矛聺麓铆聛麓,ALB,stock,2
矛聴聬毛聞聢矛搂聙 矛拢录锚露聦 & 矛搂聙锚碌卢矛聺聵 毛炉赂毛聻聵 (Energy Transition),27,铆聫聬毛掳掳铆聞掳毛娄卢 毛娄卢矛聜卢矛聺麓铆聛麓,FCX,stock,3
矛聴聬毛聞聢矛搂聙 矛拢录锚露聦 & 矛搂聙锚碌卢矛聺聵 毛炉赂毛聻聵 (Energy Transition),27,铆聫聬毛掳掳铆聞掳毛娄卢 毛娄卢矛聜卢矛聺麓铆聛麓,MVST,stock,4
矛聴聬毛聞聢矛搂聙 矛拢录锚露聦 & 矛搂聙锚碌卢矛聺聵 毛炉赂毛聻聵 (Energy Transition),27,铆聫聬毛掳掳铆聞掳毛娄卢 毛娄卢矛聜卢矛聺麓铆聛麓,DFLI,stock,5
矛聴聬毛聞聢矛搂聙 矛拢录锚露聦 & 矛搂聙锚碌卢矛聺聵 毛炉赂毛聻聵 (Energy Transition),27,铆聫聬毛掳掳铆聞掳毛娄卢 毛娄卢矛聜卢矛聺麓铆聛麓,LIT,etf,1
矛聴聬毛聞聢矛搂聙 矛拢录锚露聦 & 矛搂聙锚碌卢矛聺聵 毛炉赂毛聻聵 (Energy Transition),27,铆聫聬毛掳掳铆聞掳毛娄卢 毛娄卢矛聜卢矛聺麓铆聛麓,BATT,etf,2
矛聴聬毛聞聢矛搂聙 矛拢录锚露聦 & 矛搂聙锚碌卢矛聺聵 毛炉赂毛聻聵 (Energy Transition),28,矛聢聵矛聻聬矛聸聬 矛聺赂铆聰聞毛聺录,XYL,stock,1
矛聴聬毛聞聢矛搂聙 矛拢录锚露聦 & 矛搂聙锚碌卢矛聺聵 毛炉赂毛聻聵 (Energy Transition),28,矛聢聵矛聻聬矛聸聬 矛聺赂铆聰聞毛聺录,PNR,stock,2
矛聴聬毛聞聢矛搂聙 矛拢录锚露聦 & 矛搂聙锚碌卢矛聺聵 毛炉赂毛聻聵 (Energy Transition),28,矛聢聵矛聻聬矛聸聬 矛聺赂铆聰聞毛聺录,BMI,stock,3
矛聴聬毛聞聢矛搂聙 矛拢录锚露聦 & 矛搂聙锚碌卢矛聺聵 毛炉赂毛聻聵 (Energy Transition),28,矛聢聵矛聻聬矛聸聬 矛聺赂铆聰聞毛聺录,WTRG,stock,4
矛聴聬毛聞聢矛搂聙 矛拢录锚露聦 & 矛搂聙锚碌卢矛聺聵 毛炉赂毛聻聵 (Energy Transition),28,矛聢聵矛聻聬矛聸聬 矛聺赂铆聰聞毛聺录,WTS,stock,5
矛聴聬毛聞聢矛搂聙 矛拢录锚露聦 & 矛搂聙锚碌卢矛聺聵 毛炉赂毛聻聵 (Energy Transition),28,矛聢聵矛聻聬矛聸聬 矛聺赂铆聰聞毛聺录,PHO,etf,1
矛聴聬毛聞聢矛搂聙 矛拢录锚露聦 & 矛搂聙锚碌卢矛聺聵 毛炉赂毛聻聵 (Energy Transition),28,矛聢聵矛聻聬矛聸聬 矛聺赂铆聰聞毛聺录,FIW,etf,2
矛聴聬毛聞聢矛搂聙 矛拢录锚露聦 & 矛搂聙锚碌卢矛聺聵 毛炉赂毛聻聵 (Energy Transition),29,铆聫聬锚赂掳毛卢录 锚麓聙毛娄卢,CWST,stock,1
矛聴聬毛聞聢矛搂聙 矛拢录锚露聦 & 矛搂聙锚碌卢矛聺聵 毛炉赂毛聻聵 (Energy Transition),29,铆聫聬锚赂掳毛卢录 锚麓聙毛娄卢,GFL,stock,2
矛聴聬毛聞聢矛搂聙 矛拢录锚露聦 & 矛搂聙锚碌卢矛聺聵 毛炉赂毛聻聵 (Energy Transition),29,铆聫聬锚赂掳毛卢录 锚麓聙毛娄卢,WCN,stock,3
矛聴聬毛聞聢矛搂聙 矛拢录锚露聦 & 矛搂聙锚碌卢矛聺聵 毛炉赂毛聻聵 (Energy Transition),29,铆聫聬锚赂掳毛卢录 锚麓聙毛娄卢,TTEK,stock,4
矛聴聬毛聞聢矛搂聙 矛拢录锚露聦 & 矛搂聙锚碌卢矛聺聵 毛炉赂毛聻聵 (Energy Transition),29,铆聫聬锚赂掳毛卢录 锚麓聙毛娄卢,MEG,stock,5
矛聴聬毛聞聢矛搂聙 矛拢录锚露聦 & 矛搂聙锚碌卢矛聺聵 毛炉赂毛聻聵 (Energy Transition),29,铆聫聬锚赂掳毛卢录 锚麓聙毛娄卢,IDU,etf,1
矛聴聬毛聞聢矛搂聙 矛拢录锚露聦 & 矛搂聙锚碌卢矛聺聵 毛炉赂毛聻聵 (Energy Transition),29,铆聫聬锚赂掳毛卢录 锚麓聙毛娄卢,XLI,etf,2
矛聴聬毛聞聢矛搂聙 矛拢录锚露聦 & 矛搂聙锚碌卢矛聺聵 毛炉赂毛聻聵 (Energy Transition),30,铆聲麓矛聝聛 铆聮聧毛聽楼,EQNR,stock,1
矛聴聬毛聞聢矛搂聙 矛拢录锚露聦 & 矛搂聙锚碌卢矛聺聵 毛炉赂毛聻聵 (Energy Transition),30,铆聲麓矛聝聛 铆聮聧毛聽楼,CDLR,stock,2
矛聴聬毛聞聢矛搂聙 矛拢录锚露聦 & 矛搂聙锚碌卢矛聺聵 毛炉赂毛聻聵 (Energy Transition),30,铆聲麓矛聝聛 铆聮聧毛聽楼,HLX,stock,3
矛聴聬毛聞聢矛搂聙 矛拢录锚露聦 & 矛搂聙锚碌卢矛聺聵 毛炉赂毛聻聵 (Energy Transition),30,铆聲麓矛聝聛 铆聮聧毛聽楼,STLD,stock,4
矛聴聬毛聞聢矛搂聙 矛拢录锚露聦 & 矛搂聙锚碌卢矛聺聵 毛炉赂毛聻聵 (Energy Transition),30,铆聲麓矛聝聛 铆聮聧毛聽楼,POWL,stock,5
矛聴聬毛聞聢矛搂聙 矛拢录锚露聦 & 矛搂聙锚碌卢矛聺聵 毛炉赂毛聻聵 (Energy Transition),30,铆聲麓矛聝聛 铆聮聧毛聽楼,FAN,etf,1
矛聴聬毛聞聢矛搂聙 矛拢录锚露聦 & 矛搂聙锚碌卢矛聺聵 毛炉赂毛聻聵 (Energy Transition),30,铆聲麓矛聝聛 铆聮聧毛聽楼,RNRG,etf,2
毛掳聰矛聺麓矛聵陇 铆聵聛毛陋聟 & 矛聺赂毛楼聵矛聺聵 矛搂聞铆聶聰 (Healthcare & Wellness),31,毛掳聰矛聺麓矛聵陇 铆聵聛矛聥,VRTX,stock,1
毛掳聰矛聺麓矛聵陇 铆聵聛毛陋聟 & 矛聺赂毛楼聵矛聺聵 矛搂聞铆聶聰 (Healthcare & Wellness),31,毛掳聰矛聺麓矛聵陇 铆聵聛矛聥,CRSP,stock,2
毛掳聰矛聺麓矛聵陇 铆聵聛毛陋聟 & 矛聺赂毛楼聵矛聺聵 矛搂聞铆聶聰 (Healthcare & Wellness),31,毛掳聰矛聺麓矛聵陇 铆聵聛矛聥,NTLA,stock,3
毛掳聰矛聺麓矛聵陇 铆聵聛毛陋聟 & 矛聺赂毛楼聵矛聺聵 矛搂聞铆聶聰 (Healthcare & Wellness),31,毛掳聰矛聺麓矛聵陇 铆聵聛矛聥,NTRA,stock,4
毛掳聰矛聺麓矛聵陇 铆聵聛毛陋聟 & 矛聺赂毛楼聵矛聺聵 矛搂聞铆聶聰 (Healthcare & Wellness),31,毛掳聰矛聺麓矛聵陇 铆聵聛矛聥,BEAM,stock,5
毛掳聰矛聺麓矛聵陇 铆聵聛毛陋聟 & 矛聺赂毛楼聵矛聺聵 矛搂聞铆聶聰 (Healthcare & Wellness),31,毛掳聰矛聺麓矛聵陇 铆聵聛矛聥,IBB,etf,1
毛掳聰矛聺麓矛聵陇 铆聵聛毛陋聟 & 矛聺赂毛楼聵矛聺聵 矛搂聞铆聶聰 (Healthcare & Wellness),31,毛掳聰矛聺麓矛聵陇 铆聵聛矛聥,XBI,etf,2
毛掳聰矛聺麓矛聵陇 铆聵聛毛陋聟 & 矛聺赂毛楼聵矛聺聵 矛搂聞铆聶聰 (Healthcare & Wellness),32,铆聴卢矛聤陇矛录聙矛聳麓,BSX,stock,1
毛掳聰矛聺麓矛聵陇 铆聵聛毛陋聟 & 矛聺赂毛楼聵矛聺聵 矛搂聞铆聶聰 (Healthcare & Wellness),32,铆聴卢矛聤陇矛录聙矛聳麓,SYK,stock,2
毛掳聰矛聺麓矛聵陇 铆聵聛毛陋聟 & 矛聺赂毛楼聵矛聺聵 矛搂聞铆聶聰 (Healthcare & Wellness),32,铆聴卢矛聤陇矛录聙矛聳麓,LLY,stock,3
毛掳聰矛聺麓矛聵陇 铆聵聛毛陋聟 & 矛聺赂毛楼聵矛聺聵 矛搂聞铆聶聰 (Healthcare & Wellness),32,铆聴卢矛聤陇矛录聙矛聳麓,PODD,stock,4
毛掳聰矛聺麓矛聵陇 铆聵聛毛陋聟 & 矛聺赂毛楼聵矛聺聵 矛搂聞铆聶聰 (Healthcare & Wellness),32,铆聴卢矛聤陇矛录聙矛聳麓,DXCM,stock,5
毛掳聰矛聺麓矛聵陇 铆聵聛毛陋聟 & 矛聺赂毛楼聵矛聺聵 矛搂聞铆聶聰 (Healthcare & Wellness),32,铆聴卢矛聤陇矛录聙矛聳麓,XLV,etf,1
毛掳聰矛聺麓矛聵陇 铆聵聛毛陋聟 & 矛聺赂毛楼聵矛聺聵 矛搂聞铆聶聰 (Healthcare & Wellness),32,铆聴卢矛聤陇矛录聙矛聳麓,VHT,etf,2
毛掳聰矛聺麓矛聵陇 铆聵聛毛陋聟 & 矛聺赂毛楼聵矛聺聵 矛搂聞铆聶聰 (Healthcare & Wellness),33,毛聥陇矛聺麓矛聳麓铆聤赂矛聲陆,AMGN,stock,1
毛掳聰矛聺麓矛聵陇 铆聵聛毛陋聟 & 矛聺赂毛楼聵矛聺聵 矛搂聞铆聶聰 (Healthcare & Wellness),33,毛聥陇矛聺麓矛聳麓铆聤赂矛聲陆,VKTX,stock,2
毛掳聰矛聺麓矛聵陇 铆聵聛毛陋聟 & 矛聺赂毛楼聵矛聺聵 矛搂聞铆聶聰 (Healthcare & Wellness),33,毛聥陇矛聺麓矛聳麓铆聤赂矛聲陆,GPCR,stock,3
毛掳聰矛聺麓矛聵陇 铆聵聛毛陋聟 & 矛聺赂毛楼聵矛聺聵 矛搂聞铆聶聰 (Healthcare & Wellness),33,毛聥陇矛聺麓矛聳麓铆聤赂矛聲陆,ALT,stock,4
毛掳聰矛聺麓矛聵陇 铆聵聛毛陋聟 & 矛聺赂毛楼聵矛聺聵 矛搂聞铆聶聰 (Healthcare & Wellness),33,毛聥陇矛聺麓矛聳麓铆聤赂矛聲陆,NVO,stock,5
毛掳聰矛聺麓矛聵陇 铆聵聛毛陋聟 & 矛聺赂毛楼聵矛聺聵 矛搂聞铆聶聰 (Healthcare & Wellness),33,毛聥陇矛聺麓矛聳麓铆聤赂矛聲陆,OZEM,etf,1
毛掳聰矛聺麓矛聵陇 铆聵聛毛陋聟 & 矛聺赂毛楼聵矛聺聵 矛搂聞铆聶聰 (Healthcare & Wellness),33,毛聥陇矛聺麓矛聳麓铆聤赂矛聲陆,HRTS,etf,2
毛掳聰矛聺麓矛聵陇 铆聵聛毛陋聟 & 矛聺赂毛楼聵矛聺聵 矛搂聞铆聶聰 (Healthcare & Wellness),34,铆聲颅毛聟赂铆聶聰,DNA,stock,1
毛掳聰矛聺麓矛聵陇 铆聵聛毛陋聟 & 矛聺赂毛楼聵矛聺聵 矛搂聞铆聶聰 (Healthcare & Wellness),34,铆聲颅毛聟赂铆聶聰,BIOA,stock,2
毛掳聰矛聺麓矛聵陇 铆聵聛毛陋聟 & 矛聺赂毛楼聵矛聺聵 矛搂聞铆聶聰 (Healthcare & Wellness),34,铆聲颅毛聟赂铆聶聰,LCTX,stock,3
毛掳聰矛聺麓矛聵陇 铆聵聛毛陋聟 & 矛聺赂毛楼聵矛聺聵 矛搂聞铆聶聰 (Healthcare & Wellness),34,铆聲颅毛聟赂铆聶聰,MGTX,stock,4
毛掳聰矛聺麓矛聵陇 铆聵聛毛陋聟 & 矛聺赂毛楼聵矛聺聵 矛搂聞铆聶聰 (Healthcare & Wellness),34,铆聲颅毛聟赂铆聶聰,GERN,stock,5
毛掳聰矛聺麓矛聵陇 铆聵聛毛陋聟 & 矛聺赂毛楼聵矛聺聵 矛搂聞铆聶聰 (Healthcare & Wellness),34,铆聲颅毛聟赂铆聶聰,IDNA,etf,1
毛掳聰矛聺麓矛聵陇 铆聵聛毛陋聟 & 矛聺赂毛楼聵矛聺聵 矛搂聞铆聶聰 (Healthcare & Wellness),34,铆聲颅毛聟赂铆聶聰,ARKG,etf,2
毛掳聰矛聺麓矛聵陇 铆聵聛毛陋聟 & 矛聺赂毛楼聵矛聺聵 矛搂聞铆聶聰 (Healthcare & Wellness),35,毛聰聰矛搂聙铆聞赂 铆聴卢矛聤陇,DOCS,stock,1
毛掳聰矛聺麓矛聵陇 铆聵聛毛陋聟 & 矛聺赂毛楼聵矛聺聵 矛搂聞铆聶聰 (Healthcare & Wellness),35,毛聰聰矛搂聙铆聞赂 铆聴卢矛聤陇,HIMS,stock,2
毛掳聰矛聺麓矛聵陇 铆聵聛毛陋聟 & 矛聺赂毛楼聵矛聺聵 矛搂聞铆聶聰 (Healthcare & Wellness),35,毛聰聰矛搂聙铆聞赂 铆聴卢矛聤陇,TDOC,stock,3
毛掳聰矛聺麓矛聵陇 铆聵聛毛陋聟 & 矛聺赂毛楼聵矛聺聵 矛搂聞铆聶聰 (Healthcare & Wellness),35,毛聰聰矛搂聙铆聞赂 铆聴卢矛聤陇,TALK,stock,4
毛掳聰矛聺麓矛聵陇 铆聵聛毛陋聟 & 矛聺赂毛楼聵矛聺聵 矛搂聞铆聶聰 (Healthcare & Wellness),35,毛聰聰矛搂聙铆聞赂 铆聴卢矛聤陇,VEEV,stock,5
毛掳聰矛聺麓矛聵陇 铆聵聛毛陋聟 & 矛聺赂毛楼聵矛聺聵 矛搂聞铆聶聰 (Healthcare & Wellness),35,毛聰聰矛搂聙铆聞赂 铆聴卢矛聤陇,HEAL,etf,1
毛掳聰矛聺麓矛聵陇 铆聵聛毛陋聟 & 矛聺赂毛楼聵矛聺聵 矛搂聞铆聶聰 (Healthcare & Wellness),35,毛聰聰矛搂聙铆聞赂 铆聴卢矛聤陇,CHPS,etf,2
毛掳聰矛聺麓矛聵陇 铆聵聛毛陋聟 & 矛聺赂毛楼聵矛聺聵 矛搂聞铆聶聰 (Healthcare & Wellness),36,毛搂聢毛娄卢铆聶聰毛聜聵,TLRY,stock,1
毛掳聰矛聺麓矛聵陇 铆聵聛毛陋聟 & 矛聺赂毛楼聵矛聺聵 矛搂聞铆聶聰 (Healthcare & Wellness),36,毛搂聢毛娄卢铆聶聰毛聜聵,VFF,stock,2
毛掳聰矛聺麓矛聵陇 铆聵聛毛陋聟 & 矛聺赂毛楼聵矛聺聵 矛搂聞铆聶聰 (Healthcare & Wellness),36,毛搂聢毛娄卢铆聶聰毛聜聵,IIPR,stock,3
毛掳聰矛聺麓矛聵陇 铆聵聛毛陋聟 & 矛聺赂毛楼聵矛聺聵 矛搂聞铆聶聰 (Healthcare & Wellness),36,毛搂聢毛娄卢铆聶聰毛聜聵,TLRY,stock,4
毛掳聰矛聺麓矛聵陇 铆聵聛毛陋聟 & 矛聺赂毛楼聵矛聺聵 矛搂聞铆聶聰 (Healthcare & Wellness),36,毛搂聢毛娄卢铆聶聰毛聜聵,CRON,stock,5
毛掳聰矛聺麓矛聵陇 铆聵聛毛陋聟 & 矛聺赂毛楼聵矛聺聵 矛搂聞铆聶聰 (Healthcare & Wellness),36,毛搂聢毛娄卢铆聶聰毛聜聵,MSOS,etf,1
毛掳聰矛聺麓矛聵陇 铆聵聛毛陋聟 & 矛聺赂毛楼聵矛聺聵 矛搂聞铆聶聰 (Healthcare & Wellness),36,毛搂聢毛娄卢铆聶聰毛聜聵,MJ,etf,2
毛掳聰矛聺麓矛聵陇 铆聵聛毛陋聟 & 矛聺赂毛楼聵矛聺聵 矛搂聞铆聶聰 (Healthcare & Wellness),37,毛掳聰矛聺麓矛聵陇 矛聥聹毛掳聙毛聼卢,AMGN,stock,1
毛掳聰矛聺麓矛聵陇 铆聵聛毛陋聟 & 矛聺赂毛楼聵矛聺聵 矛搂聞铆聶聰 (Healthcare & Wellness),37,毛掳聰矛聺麓矛聵陇 矛聥聹毛掳聙毛聼卢,OGN,stock,2
毛掳聰矛聺麓矛聵陇 铆聵聛毛陋聟 & 矛聺赂毛楼聵矛聺聵 矛搂聞铆聶聰 (Healthcare & Wellness),37,毛掳聰矛聺麓矛聵陇 矛聥聹毛掳聙毛聼卢,CHRS,stock,3
毛掳聰矛聺麓矛聵陇 铆聵聛毛陋聟 & 矛聺赂毛楼聵矛聺聵 矛搂聞铆聶聰 (Healthcare & Wellness),37,毛掳聰矛聺麓矛聵陇 矛聥聹毛掳聙毛聼卢,LZAGY,stock,4
毛掳聰矛聺麓矛聵陇 铆聵聛毛陋聟 & 矛聺赂毛楼聵矛聺聵 矛搂聞铆聶聰 (Healthcare & Wellness),37,毛掳聰矛聺麓矛聵陇 矛聥聹毛掳聙毛聼卢,矛聜录矛聞卤毛掳聰矛聺麓矛聵陇毛隆聹矛搂聛矛聤陇,stock,5
毛掳聰矛聺麓矛聵陇 铆聵聛毛陋聟 & 矛聺赂毛楼聵矛聺聵 矛搂聞铆聶聰 (Healthcare & Wellness),37,毛掳聰矛聺麓矛聵陇 矛聥聹毛掳聙毛聼卢,BBP,etf,1
毛掳聰矛聺麓矛聵陇 铆聵聛毛陋聟 & 矛聺赂毛楼聵矛聺聵 矛搂聞铆聶聰 (Healthcare & Wellness),37,毛掳聰矛聺麓矛聵陇 矛聥聹毛掳聙毛聼卢,PBE,etf,2
毛掳聰矛聺麓矛聵陇 铆聵聛毛陋聟 & 矛聺赂毛楼聵矛聺聵 矛搂聞铆聶聰 (Healthcare & Wellness),38,锚掳聙矛聽聲矛職漏 毛隆聹毛麓聡,SERV,stock,1
毛掳聰矛聺麓矛聵陇 铆聵聛毛陋聟 & 矛聺赂毛楼聵矛聺聵 矛搂聞铆聶聰 (Healthcare & Wellness),38,锚掳聙矛聽聲矛職漏 毛隆聹毛麓聡,PATH,stock,2
毛掳聰矛聺麓矛聵陇 铆聵聛毛陋聟 & 矛聺赂毛楼聵矛聺聵 矛搂聞铆聶聰 (Healthcare & Wellness),38,锚掳聙矛聽聲矛職漏 毛隆聹毛麓聡,SN,stock,3
毛掳聰矛聺麓矛聵陇 铆聵聛毛陋聟 & 矛聺赂毛楼聵矛聺聵 矛搂聞铆聶聰 (Healthcare & Wellness),38,锚掳聙矛聽聲矛職漏 毛隆聹毛麓聡,SYM,stock,4
毛掳聰矛聺麓矛聵陇 铆聵聛毛陋聟 & 矛聺赂毛楼聵矛聺聵 矛搂聞铆聶聰 (Healthcare & Wellness),38,锚掳聙矛聽聲矛職漏 毛隆聹毛麓聡,ENVX,stock,5
毛掳聰矛聺麓矛聵陇 铆聵聛毛陋聟 & 矛聺赂毛楼聵矛聺聵 矛搂聞铆聶聰 (Healthcare & Wellness),38,锚掳聙矛聽聲矛職漏 毛隆聹毛麓聡,ROBT,etf,1
毛掳聰矛聺麓矛聵陇 铆聵聛毛陋聟 & 矛聺赂毛楼聵矛聺聵 矛搂聞铆聶聰 (Healthcare & Wellness),38,锚掳聙矛聽聲矛職漏 毛隆聹毛麓聡,BOTT,etf,2
毛掳聰矛聺麓矛聵陇 铆聵聛毛陋聟 & 矛聺赂毛楼聵矛聺聵 矛搂聞铆聶聰 (Healthcare & Wellness),39,铆聲碌矛聹碌铆聲漏 矛聴聬毛聞聢矛搂聙,AMSC,stock,1
毛掳聰矛聺麓矛聵陇 铆聵聛毛陋聟 & 矛聺赂毛楼聵矛聺聵 矛搂聞铆聶聰 (Healthcare & Wellness),39,铆聲碌矛聹碌铆聲漏 矛聴聬毛聞聢矛搂聙,VST,stock,2
毛掳聰矛聺麓矛聵陇 铆聵聛毛陋聟 & 矛聺赂毛楼聵矛聺聵 矛搂聞铆聶聰 (Healthcare & Wellness),39,铆聲碌矛聹碌铆聲漏 矛聴聬毛聞聢矛搂聙,APD,stock,3
毛掳聰矛聺麓矛聵陇 铆聵聛毛陋聟 & 矛聺赂毛楼聵矛聺聵 矛搂聞铆聶聰 (Healthcare & Wellness),39,铆聲碌矛聹碌铆聲漏 矛聴聬毛聞聢矛搂聙,AEIS,stock,4
毛掳聰矛聺麓矛聵陇 铆聵聛毛陋聟 & 矛聺赂毛楼聵矛聺聵 矛搂聞铆聶聰 (Healthcare & Wellness),39,铆聲碌矛聹碌铆聲漏 矛聴聬毛聞聢矛搂聙,BWXT,stock,5
毛掳聰矛聺麓矛聵陇 铆聵聛毛陋聟 & 矛聺赂毛楼聵矛聺聵 矛搂聞铆聶聰 (Healthcare & Wellness),39,铆聲碌矛聹碌铆聲漏 矛聴聬毛聞聢矛搂聙,URA,etf,1
毛掳聰矛聺麓矛聵陇 铆聵聛毛陋聟 & 矛聺赂毛楼聵矛聺聵 矛搂聞铆聶聰 (Healthcare & Wellness),39,铆聲碌矛聹碌铆聲漏 矛聴聬毛聞聢矛搂聙,NLR,etf,2
毛掳聰矛聺麓矛聵陇 铆聵聛毛陋聟 & 矛聺赂毛楼聵矛聺聵 矛搂聞铆聶聰 (Healthcare & Wellness),40,毛搂聢矛聺麓铆聛卢毛隆聹 LED,COHR,stock,1
毛掳聰矛聺麓矛聵陇 铆聵聛毛陋聟 & 矛聺赂毛楼聵矛聺聵 矛搂聞铆聶聰 (Healthcare & Wellness),40,毛搂聢矛聺麓铆聛卢毛隆聹 LED,VUZI,stock,2
毛掳聰矛聺麓矛聵陇 铆聵聛毛陋聟 & 矛聺赂毛楼聵矛聺聵 矛搂聞铆聶聰 (Healthcare & Wellness),40,毛搂聢矛聺麓铆聛卢毛隆聹 LED,LITE,stock,3
毛掳聰矛聺麓矛聵陇 铆聵聛毛陋聟 & 矛聺赂毛楼聵矛聺聵 矛搂聞铆聶聰 (Healthcare & Wellness),40,毛搂聢矛聺麓铆聛卢毛隆聹 LED,KOPN,stock,4
毛掳聰矛聺麓矛聵陇 铆聵聛毛陋聟 & 矛聺赂毛楼聵矛聺聵 矛搂聞铆聶聰 (Healthcare & Wellness),40,毛搂聢矛聺麓铆聛卢毛隆聹 LED,OLED,stock,5
毛掳聰矛聺麓矛聵陇 铆聵聛毛陋聟 & 矛聺赂毛楼聵矛聺聵 矛搂聞铆聶聰 (Healthcare & Wellness),40,毛搂聢矛聺麓铆聛卢毛隆聹 LED,METV,etf,1
毛掳聰矛聺麓矛聵陇 铆聵聛毛陋聟 & 矛聺赂毛楼聵矛聺聵 矛搂聞铆聶聰 (Healthcare & Wellness),40,毛搂聢矛聺麓铆聛卢毛隆聹 LED,LIT,etf,2
矛聥聽锚鲁碌锚赂聣毛搂聺 & 锚碌颅锚掳聙 矛聲聢毛鲁麓 (Geopolitics & Infrastructure),41,矛職掳矛拢录 铆聲颅锚鲁碌 & 毛掳漏矛聜掳,LMT,stock,1
矛聥聽锚鲁碌锚赂聣毛搂聺 & 锚碌颅锚掳聙 矛聲聢毛鲁麓 (Geopolitics & Infrastructure),41,矛職掳矛拢录 铆聲颅锚鲁碌 & 毛掳漏矛聜掳,RTX,stock,2
矛聥聽锚鲁碌锚赂聣毛搂聺 & 锚碌颅锚掳聙 矛聲聢毛鲁麓 (Geopolitics & Infrastructure),41,矛職掳矛拢录 铆聲颅锚鲁碌 & 毛掳漏矛聜掳,RDW,stock,3
矛聥聽锚鲁碌锚赂聣毛搂聺 & 锚碌颅锚掳聙 矛聲聢毛鲁麓 (Geopolitics & Infrastructure),41,矛職掳矛拢录 铆聲颅锚鲁碌 & 毛掳漏矛聜掳,KTOS,stock,4
矛聥聽锚鲁碌锚赂聣毛搂聺 & 锚碌颅锚掳聙 矛聲聢毛鲁麓 (Geopolitics & Infrastructure),41,矛職掳矛拢录 铆聲颅锚鲁碌 & 毛掳漏矛聜掳,GD,stock,5
矛聥聽锚鲁碌锚赂聣毛搂聺 & 锚碌颅锚掳聙 矛聲聢毛鲁麓 (Geopolitics & Infrastructure),41,矛職掳矛拢录 铆聲颅锚鲁碌 & 毛掳漏矛聜掳,ARKX,etf,1
矛聥聽锚鲁碌锚赂聣毛搂聺 & 锚碌颅锚掳聙 矛聲聢毛鲁麓 (Geopolitics & Infrastructure),41,矛職掳矛拢录 铆聲颅锚鲁碌 & 毛掳漏矛聜掳,PPA,etf,2
矛聥聽锚鲁碌锚赂聣毛搂聺 & 锚碌颅锚掳聙 矛聲聢毛鲁麓 (Geopolitics & Infrastructure),42,毛卢录毛娄卢矛聽聛 矛聺赂铆聰聞毛聺录,CAT,stock,1
矛聥聽锚鲁碌锚赂聣毛搂聺 & 锚碌颅锚掳聙 矛聲聢毛鲁麓 (Geopolitics & Infrastructure),42,毛卢录毛娄卢矛聽聛 矛聺赂铆聰聞毛聺录,URI,stock,2
矛聥聽锚鲁碌锚赂聣毛搂聺 & 锚碌颅锚掳聙 矛聲聢毛鲁麓 (Geopolitics & Infrastructure),42,毛卢录毛娄卢矛聽聛 矛聺赂铆聰聞毛聺录,VMC,stock,3
矛聥聽锚鲁碌锚赂聣毛搂聺 & 锚碌颅锚掳聙 矛聲聢毛鲁麓 (Geopolitics & Infrastructure),42,毛卢录毛娄卢矛聽聛 矛聺赂铆聰聞毛聺录,ETN,stock,4
矛聥聽锚鲁碌锚赂聣毛搂聺 & 锚碌颅锚掳聙 矛聲聢毛鲁麓 (Geopolitics & Infrastructure),42,毛卢录毛娄卢矛聽聛 矛聺赂铆聰聞毛聺录,NUE,stock,5
矛聥聽锚鲁碌锚赂聣毛搂聺 & 锚碌颅锚掳聙 矛聲聢毛鲁麓 (Geopolitics & Infrastructure),42,毛卢录毛娄卢矛聽聛 矛聺赂铆聰聞毛聺录,PAVE,etf,1
矛聥聽锚鲁碌锚赂聣毛搂聺 & 锚碌颅锚掳聙 矛聲聢毛鲁麓 (Geopolitics & Infrastructure),42,毛卢录毛娄卢矛聽聛 矛聺赂铆聰聞毛聺录,IFRA,etf,2
矛聥聽锚鲁碌锚赂聣毛搂聺 & 锚碌颅锚掳聙 矛聲聢毛鲁麓 (Geopolitics & Infrastructure),43,矛聠聦毛虏聞毛娄掳 AI,EQIX,stock,1
矛聥聽锚鲁碌锚赂聣毛搂聺 & 锚碌颅锚掳聙 矛聲聢毛鲁麓 (Geopolitics & Infrastructure),43,矛聠聦毛虏聞毛娄掳 AI,SMCI,stock,2
矛聥聽锚鲁碌锚赂聣毛搂聺 & 锚碌颅锚掳聙 矛聲聢毛鲁麓 (Geopolitics & Infrastructure),43,矛聠聦毛虏聞毛娄掳 AI,ARM,stock,3
矛聥聽锚鲁碌锚赂聣毛搂聺 & 锚碌颅锚掳聙 矛聲聢毛鲁麓 (Geopolitics & Infrastructure),43,矛聠聦毛虏聞毛娄掳 AI,DLR,stock,4
矛聥聽锚鲁碌锚赂聣毛搂聺 & 锚碌颅锚掳聙 矛聲聢毛鲁麓 (Geopolitics & Infrastructure),43,矛聠聦毛虏聞毛娄掳 AI,CSCO,stock,5
矛聥聽锚鲁碌锚赂聣毛搂聺 & 锚碌颅锚掳聙 矛聲聢毛鲁麓 (Geopolitics & Infrastructure),43,矛聠聦毛虏聞毛娄掳 AI,XT,etf,1
矛聥聽锚鲁碌锚赂聣毛搂聺 & 锚碌颅锚掳聙 矛聲聢毛鲁麓 (Geopolitics & Infrastructure),43,矛聠聦毛虏聞毛娄掳 AI,LOUP,etf,2
矛聥聽锚鲁碌锚赂聣毛搂聺 & 锚碌颅锚掳聙 矛聲聢毛鲁麓 (Geopolitics & Infrastructure),44,矛掳篓矛聞赂毛聦聙 毛聯聹毛隆,AVAV,stock,1
矛聥聽锚鲁碌锚赂聣毛搂聺 & 锚碌颅锚掳聙 矛聲聢毛鲁麓 (Geopolitics & Infrastructure),44,矛掳篓矛聞赂毛聦聙 毛聯聹毛隆,KTOS,stock,2
矛聥聽锚鲁碌锚赂聣毛搂聺 & 锚碌颅锚掳聙 矛聲聢毛鲁麓 (Geopolitics & Infrastructure),44,矛掳篓矛聞赂毛聦聙 毛聯聹毛隆,RCAT,stock,3
矛聥聽锚鲁碌锚赂聣毛搂聺 & 锚碌颅锚掳聙 矛聲聢毛鲁麓 (Geopolitics & Infrastructure),44,矛掳篓矛聞赂毛聦聙 毛聯聹毛隆,TXT,stock,4
矛聥聽锚鲁碌锚赂聣毛搂聺 & 锚碌颅锚掳聙 矛聲聢毛鲁麓 (Geopolitics & Infrastructure),44,矛掳篓矛聞赂毛聦聙 毛聯聹毛隆,ONDS,stock,5
矛聥聽锚鲁碌锚赂聣毛搂聺 & 锚碌颅锚掳聙 矛聲聢毛鲁麓 (Geopolitics & Infrastructure),44,矛掳篓矛聞赂毛聦聙 毛聯聹毛隆,DFEN,etf,1
矛聥聽锚鲁碌锚赂聣毛搂聺 & 锚碌颅锚掳聙 矛聲聢毛鲁麓 (Geopolitics & Infrastructure),44,矛掳篓矛聞赂毛聦聙 毛聯聹毛隆,ARKQ,etf,2
矛聥聽锚鲁碌锚赂聣毛搂聺 & 锚碌颅锚掳聙 矛聲聢毛鲁麓 (Geopolitics & Infrastructure),45,矛職掳矛拢录 锚虏陆矛聽聹,LUNR,stock,1
矛聥聽锚鲁碌锚赂聣毛搂聺 & 锚碌颅锚掳聙 矛聲聢毛鲁麓 (Geopolitics & Infrastructure),45,矛職掳矛拢录 锚虏陆矛聽聹,ASTS,stock,2
矛聥聽锚鲁碌锚赂聣毛搂聺 & 锚碌颅锚掳聙 矛聲聢毛鲁麓 (Geopolitics & Infrastructure),45,矛職掳矛拢录 锚虏陆矛聽聹,BKSY,stock,3
矛聥聽锚鲁碌锚赂聣毛搂聺 & 锚碌颅锚掳聙 矛聲聢毛鲁麓 (Geopolitics & Infrastructure),45,矛職掳矛拢录 锚虏陆矛聽聹,RKLB,stock,4
矛聥聽锚鲁碌锚赂聣毛搂聺 & 锚碌颅锚掳聙 矛聲聢毛鲁麓 (Geopolitics & Infrastructure),45,矛職掳矛拢录 锚虏陆矛聽聹,PL,stock,5
矛聥聽锚鲁碌锚赂聣毛搂聺 & 锚碌颅锚掳聙 矛聲聢毛鲁麓 (Geopolitics & Infrastructure),45,矛職掳矛拢录 锚虏陆矛聽聹,UFO,etf,1
矛聥聽锚鲁碌锚赂聣毛搂聺 & 锚碌颅锚掳聙 矛聲聢毛鲁麓 (Geopolitics & Infrastructure),45,矛職掳矛拢录 锚虏陆矛聽聹,ROKT,etf,2
矛聥聽锚鲁碌锚赂聣毛搂聺 & 锚碌颅锚掳聙 矛聲聢毛鲁麓 (Geopolitics & Infrastructure),46,毛娄卢矛聡录矛聳麓毛搂聛,EMR,stock,1
矛聥聽锚鲁碌锚赂聣毛搂聺 & 锚碌颅锚掳聙 矛聲聢毛鲁麓 (Geopolitics & Infrastructure),46,毛娄卢矛聡录矛聳麓毛搂聛,FAST,stock,2
矛聥聽锚鲁碌锚赂聣毛搂聺 & 锚碌颅锚掳聙 矛聲聢毛鲁麓 (Geopolitics & Infrastructure),46,毛娄卢矛聡录矛聳麓毛搂聛,PH,stock,3
矛聥聽锚鲁碌锚赂聣毛搂聺 & 锚碌颅锚掳聙 矛聲聢毛鲁麓 (Geopolitics & Infrastructure),46,毛娄卢矛聡录矛聳麓毛搂聛,TRMB,stock,4
矛聥聽锚鲁碌锚赂聣毛搂聺 & 锚碌颅锚掳聙 矛聲聢毛鲁麓 (Geopolitics & Infrastructure),46,毛娄卢矛聡录矛聳麓毛搂聛,STRL,stock,5
矛聥聽锚鲁碌锚赂聣毛搂聺 & 锚碌颅锚掳聙 矛聲聢毛鲁麓 (Geopolitics & Infrastructure),46,毛娄卢矛聡录矛聳麓毛搂聛,AIRR,etf,1
矛聥聽锚鲁碌锚赂聣毛搂聺 & 锚碌颅锚掳聙 矛聲聢毛鲁麓 (Geopolitics & Infrastructure),46,毛娄卢矛聡录矛聳麓毛搂聛,LRNZ,etf,2
矛聥聽锚鲁碌锚赂聣毛搂聺 & 锚碌颅锚掳聙 矛聲聢毛鲁麓 (Geopolitics & Infrastructure),47,UAM,JOBY,stock,1
矛聥聽锚鲁碌锚赂聣毛搂聺 & 锚碌颅锚掳聙 矛聲聢毛鲁麓 (Geopolitics & Infrastructure),47,UAM,ACHR,stock,2
矛聥聽锚鲁碌锚赂聣毛搂聺 & 锚碌颅锚掳聙 矛聲聢毛鲁麓 (Geopolitics & Infrastructure),47,UAM,EVEX,stock,3
矛聥聽锚鲁碌锚赂聣毛搂聺 & 锚碌颅锚掳聙 矛聲聢毛鲁麓 (Geopolitics & Infrastructure),47,UAM,EVTL,stock,4
矛聥聽锚鲁碌锚赂聣毛搂聺 & 锚碌颅锚掳聙 矛聲聢毛鲁麓 (Geopolitics & Infrastructure),47,UAM,EH,stock,5
矛聥聽锚鲁碌锚赂聣毛搂聺 & 锚碌颅锚掳聙 矛聲聢毛鲁麓 (Geopolitics & Infrastructure),47,UAM,KARS,etf,1
矛聥聽锚鲁碌锚赂聣毛搂聺 & 锚碌颅锚掳聙 矛聲聢毛鲁麓 (Geopolitics & Infrastructure),47,UAM,HAIL,etf,2
矛聥聽锚鲁碌锚赂聣毛搂聺 & 锚碌颅锚掳聙 矛聲聢毛鲁麓 (Geopolitics & Infrastructure),48,矛聜卢矛聺麓毛虏聞 毛鲁麓铆聴聵,CB,stock,1
矛聥聽锚鲁碌锚赂聣毛搂聺 & 锚碌颅锚掳聙 矛聲聢毛鲁麓 (Geopolitics & Infrastructure),48,矛聜卢矛聺麓毛虏聞 毛鲁麓铆聴聵,TRV,stock,2
矛聥聽锚鲁碌锚赂聣毛搂聺 & 锚碌颅锚掳聙 矛聲聢毛鲁麓 (Geopolitics & Infrastructure),48,矛聜卢矛聺麓毛虏聞 毛鲁麓铆聴聵,GWRE,stock,3
矛聥聽锚鲁碌锚赂聣毛搂聺 & 锚碌颅锚掳聙 矛聲聢毛鲁麓 (Geopolitics & Infrastructure),48,矛聜卢矛聺麓毛虏聞 毛鲁麓铆聴聵,AKAM,stock,4
矛聥聽锚鲁碌锚赂聣毛搂聺 & 锚碌颅锚掳聙 矛聲聢毛鲁麓 (Geopolitics & Infrastructure),48,矛聜卢矛聺麓毛虏聞 毛鲁麓铆聴聵,MRSH,stock,5
矛聥聽锚鲁碌锚赂聣毛搂聺 & 锚碌颅锚掳聙 矛聲聢毛鲁麓 (Geopolitics & Infrastructure),48,矛聜卢矛聺麓毛虏聞 毛鲁麓铆聴聵,IAK,etf,1
矛聥聽锚鲁碌锚赂聣毛搂聺 & 锚碌颅锚掳聙 矛聲聢毛鲁麓 (Geopolitics & Infrastructure),48,矛聜卢矛聺麓毛虏聞 毛鲁麓铆聴聵,KIE,etf,2
矛聥聽锚鲁碌锚赂聣毛搂聺 & 锚碌颅锚掳聙 矛聲聢毛鲁麓 (Geopolitics & Infrastructure),49,矛聺赂锚鲁碌矛聹聞矛聞卤 铆聠碌矛聥,GSAT,stock,1
矛聥聽锚鲁碌锚赂聣毛搂聺 & 锚碌颅锚掳聙 矛聲聢毛鲁麓 (Geopolitics & Infrastructure),49,矛聺赂锚鲁碌矛聹聞矛聞卤 铆聠碌矛聥,IRDM,stock,2
矛聥聽锚鲁碌锚赂聣毛搂聺 & 锚碌颅锚掳聙 矛聲聢毛鲁麓 (Geopolitics & Infrastructure),49,矛聺赂锚鲁碌矛聹聞矛聞卤 铆聠碌矛聥,VSAT,stock,3
矛聥聽锚鲁碌锚赂聣毛搂聺 & 锚碌颅锚掳聙 矛聲聢毛鲁麓 (Geopolitics & Infrastructure),49,矛聺赂锚鲁碌矛聹聞矛聞卤 铆聠碌矛聥,SATS,stock,4
矛聥聽锚鲁碌锚赂聣毛搂聺 & 锚碌颅锚掳聙 矛聲聢毛鲁麓 (Geopolitics & Infrastructure),49,矛聺赂锚鲁碌矛聹聞矛聞卤 铆聠碌矛聥,GILT,stock,5
矛聥聽锚鲁碌锚赂聣毛搂聺 & 锚碌颅锚掳聙 矛聲聢毛鲁麓 (Geopolitics & Infrastructure),49,矛聺赂锚鲁碌矛聹聞矛聞卤 铆聠碌矛聥,IXP,etf,1
矛聥聽锚鲁碌锚赂聣毛搂聺 & 锚碌颅锚掳聙 矛聲聢毛鲁麓 (Geopolitics & Infrastructure),49,矛聺赂锚鲁碌矛聹聞矛聞卤 铆聠碌矛聥,SRVR,etf,2
矛聥聽锚鲁碌锚赂聣毛搂聺 & 锚碌颅锚掳聙 矛聲聢毛鲁麓 (Geopolitics & Infrastructure),50,矛聥卢铆聲麓 矛卤聞锚碌麓,TMC,stock,1
矛聥聽锚鲁碌锚赂聣毛搂聺 & 锚碌颅锚掳聙 矛聲聢毛鲁麓 (Geopolitics & Infrastructure),50,矛聥卢铆聲麓 矛卤聞锚碌麓,OMEX,stock,2
矛聥聽锚鲁碌锚赂聣毛搂聺 & 锚碌颅锚掳聙 矛聲聢毛鲁麓 (Geopolitics & Infrastructure),50,矛聥卢铆聲麓 矛卤聞锚碌麓,FTI,stock,3
矛聥聽锚鲁碌锚赂聣毛搂聺 & 锚碌颅锚掳聙 矛聲聢毛鲁麓 (Geopolitics & Infrastructure),50,矛聥卢铆聲麓 矛卤聞锚碌麓,LZM,stock,4
矛聥聽锚鲁碌锚赂聣毛搂聺 & 锚碌颅锚掳聙 矛聲聢毛鲁麓 (Geopolitics & Infrastructure),50,矛聥卢铆聲麓 矛卤聞锚碌麓,OII,stock,5
矛聥聽锚鲁碌锚赂聣毛搂聺 & 锚碌颅锚掳聙 矛聲聢毛鲁麓 (Geopolitics & Infrastructure),50,矛聥卢铆聲麓 矛卤聞锚碌麓,PICK,etf,1
矛聥聽锚鲁碌锚赂聣毛搂聺 & 锚碌颅锚掳聙 矛聲聢毛鲁麓 (Geopolitics & Infrastructure),50,矛聥卢铆聲麓 矛卤聞锚碌麓,XME,etf,2
毛炉赂毛聻聵 矛聠聦毛鹿聞 & 毛聺录矛聺麓铆聰聞矛聤陇铆聝聙矛聺录 (Future Lifestyle),51,毛聰聰矛搂聙铆聞赂 矛禄陇毛篓赂矛聤陇,MELI,stock,1
毛炉赂毛聻聵 矛聠聦毛鹿聞 & 毛聺录矛聺麓铆聰聞矛聤陇铆聝聙矛聺录 (Future Lifestyle),51,毛聰聰矛搂聙铆聞赂 矛禄陇毛篓赂矛聤陇,GLBE,stock,2
毛炉赂毛聻聵 矛聠聦毛鹿聞 & 毛聺录矛聺麓铆聰聞矛聤陇铆聝聙矛聺录 (Future Lifestyle),51,毛聰聰矛搂聙铆聞赂 矛禄陇毛篓赂矛聤陇,GCT,stock,3
毛炉赂毛聻聵 矛聠聦毛鹿聞 & 毛聺录矛聺麓铆聰聞矛聤陇铆聝聙矛聺录 (Future Lifestyle),51,毛聰聰矛搂聙铆聞赂 矛禄陇毛篓赂矛聤陇,EXPE,stock,4
毛炉赂毛聻聵 矛聠聦毛鹿聞 & 毛聺录矛聺麓铆聰聞矛聤陇铆聝聙矛聺录 (Future Lifestyle),51,毛聰聰矛搂聙铆聞赂 矛禄陇毛篓赂矛聤陇,SHOP,stock,5
毛炉赂毛聻聵 矛聠聦毛鹿聞 & 毛聺录矛聺麓铆聰聞矛聤陇铆聝聙矛聺录 (Future Lifestyle),51,毛聰聰矛搂聙铆聞赂 矛禄陇毛篓赂矛聤陇,EBIZ,etf,1
毛炉赂毛聻聵 矛聠聦毛鹿聞 & 毛聺录矛聺麓铆聰聞矛聤陇铆聝聙矛聺录 (Future Lifestyle),51,毛聰聰矛搂聙铆聞赂 矛禄陇毛篓赂矛聤陇,CLIX,etf,2
毛炉赂毛聻聵 矛聠聦毛鹿聞 & 毛聺录矛聺麓铆聰聞矛聤陇铆聝聙矛聺录 (Future Lifestyle),52,矛聽聞锚赂掳矛掳篓 & 毛掳掳铆聞掳毛娄卢,ALB,stock,1
毛炉赂毛聻聵 矛聠聦毛鹿聞 & 毛聺录矛聺麓铆聰聞矛聤陇铆聝聙矛聺录 (Future Lifestyle),52,矛聽聞锚赂掳矛掳篓 & 毛掳掳铆聞掳毛娄卢,QS,stock,2
毛炉赂毛聻聵 矛聠聦毛鹿聞 & 毛聺录矛聺麓铆聰聞矛聤陇铆聝聙矛聺录 (Future Lifestyle),52,矛聽聞锚赂掳矛掳篓 & 毛掳掳铆聞掳毛娄卢,RIVN,stock,3
毛炉赂毛聻聵 矛聠聦毛鹿聞 & 毛聺录矛聺麓铆聰聞矛聤陇铆聝聙矛聺录 (Future Lifestyle),52,矛聽聞锚赂掳矛掳篓 & 毛掳掳铆聞掳毛娄卢,TSLA,stock,4
毛炉赂毛聻聵 矛聠聦毛鹿聞 & 毛聺录矛聺麓铆聰聞矛聤陇铆聝聙矛聺录 (Future Lifestyle),52,矛聽聞锚赂掳矛掳篓 & 毛掳掳铆聞掳毛娄卢,1211,stock,5
毛炉赂毛聻聵 矛聠聦毛鹿聞 & 毛聺录矛聺麓铆聰聞矛聤陇铆聝聙矛聺录 (Future Lifestyle),52,矛聽聞锚赂掳矛掳篓 & 毛掳掳铆聞掳毛娄卢,DRIV,etf,1
毛炉赂毛聻聵 矛聠聦毛鹿聞 & 毛聺录矛聺麓铆聰聞矛聤陇铆聝聙矛聺录 (Future Lifestyle),52,矛聽聞锚赂掳矛掳篓 & 毛掳掳铆聞掳毛娄卢,IDRV,etf,2
毛炉赂毛聻聵 矛聠聦毛鹿聞 & 毛聺录矛聺麓铆聰聞矛聤陇铆聝聙矛聺录 (Future Lifestyle),53,毛赂聦毛聻聹毛聯聹 矛聠聦毛鹿聞矛聻卢,WMT,stock,1
毛炉赂毛聻聵 矛聠聦毛鹿聞 & 毛聺录矛聺麓铆聰聞矛聤陇铆聝聙矛聺录 (Future Lifestyle),53,毛赂聦毛聻聹毛聯聹 矛聠聦毛鹿聞矛聻卢,COST,stock,2
毛炉赂毛聻聵 矛聠聦毛鹿聞 & 毛聺录矛聺麓铆聰聞矛聤陇铆聝聙矛聺录 (Future Lifestyle),53,毛赂聦毛聻聹毛聯聹 矛聠聦毛鹿聞矛聻卢,PG,stock,3
毛炉赂毛聻聵 矛聠聦毛鹿聞 & 毛聺录矛聺麓铆聰聞矛聤陇铆聝聙矛聺录 (Future Lifestyle),53,毛赂聦毛聻聹毛聯聹 矛聠聦毛鹿聞矛聻卢,ULTA,stock,4
毛炉赂毛聻聵 矛聠聦毛鹿聞 & 毛聺录矛聺麓铆聰聞矛聤陇铆聝聙矛聺录 (Future Lifestyle),53,毛赂聦毛聻聹毛聯聹 矛聠聦毛鹿聞矛聻卢,KO,stock,5
毛炉赂毛聻聵 矛聠聦毛鹿聞 & 毛聺录矛聺麓铆聰聞矛聤陇铆聝聙矛聺录 (Future Lifestyle),53,毛赂聦毛聻聹毛聯聹 矛聠聦毛鹿聞矛聻卢,XLY,etf,1
毛炉赂毛聻聵 矛聠聦毛鹿聞 & 毛聺录矛聺麓铆聰聞矛聤陇铆聝聙矛聺录 (Future Lifestyle),53,毛赂聦毛聻聹毛聯聹 矛聠聦毛鹿聞矛聻卢,VCR,etf,2
毛炉赂毛聻聵 矛聠聦毛鹿聞 & 毛聺录矛聺麓铆聰聞矛聤陇铆聝聙矛聺录 (Future Lifestyle),54,毛娄卢矛赂聽 & 毛露聙毛聫聶矛聜掳,PLD,stock,1
毛炉赂毛聻聵 矛聠聦毛鹿聞 & 毛聺录矛聺麓铆聰聞矛聤陇铆聝聙矛聺录 (Future Lifestyle),54,毛娄卢矛赂聽 & 毛露聙毛聫聶矛聜掳,AMT,stock,2
毛炉赂毛聻聵 矛聠聦毛鹿聞 & 毛聺录矛聺麓铆聰聞矛聤陇铆聝聙矛聺录 (Future Lifestyle),54,毛娄卢矛赂聽 & 毛露聙毛聫聶矛聜掳,O,stock,3
毛炉赂毛聻聵 矛聠聦毛鹿聞 & 毛聺录矛聺麓铆聰聞矛聤陇铆聝聙矛聺录 (Future Lifestyle),54,毛娄卢矛赂聽 & 毛露聙毛聫聶矛聜掳,WELL,stock,4
毛炉赂毛聻聵 矛聠聦毛鹿聞 & 毛聺录矛聺麓铆聰聞矛聤陇铆聝聙矛聺录 (Future Lifestyle),54,毛娄卢矛赂聽 & 毛露聙毛聫聶矛聜掳,IRM,stock,5
毛炉赂毛聻聵 矛聠聦毛鹿聞 & 毛聺录矛聺麓铆聰聞矛聤陇铆聝聙矛聺录 (Future Lifestyle),54,毛娄卢矛赂聽 & 毛露聙毛聫聶矛聜掳,VNQ,etf,1
毛炉赂毛聻聵 矛聠聦毛鹿聞 & 毛聺录矛聺麓铆聰聞矛聤陇铆聝聙矛聺录 (Future Lifestyle),54,毛娄卢矛赂聽 & 毛露聙毛聫聶矛聜掳,XLRE,etf,2
毛炉赂毛聻聵 矛聠聦毛鹿聞 & 毛聺录矛聺麓铆聰聞矛聤陇铆聝聙矛聺录 (Future Lifestyle),55,矛聸聬矛聻聬矛聻卢 & 矛聻聬矛聸聬,XOM,stock,1
毛炉赂毛聻聵 矛聠聦毛鹿聞 & 毛聺录矛聺麓铆聰聞矛聤陇铆聝聙矛聺录 (Future Lifestyle),55,矛聸聬矛聻聬矛聻卢 & 矛聻聬矛聸聬,NEM,stock,2
毛炉赂毛聻聵 矛聠聦毛鹿聞 & 毛聺录矛聺麓铆聰聞矛聤陇铆聝聙矛聺录 (Future Lifestyle),55,矛聸聬矛聻聬矛聻卢 & 矛聻聬矛聸聬,CTVA,stock,3
毛炉赂毛聻聵 矛聠聦毛鹿聞 & 毛聺录矛聺麓铆聰聞矛聤陇铆聝聙矛聺录 (Future Lifestyle),55,矛聸聬矛聻聬矛聻卢 & 矛聻聬矛聸聬,NTRA,stock,4
毛炉赂毛聻聵 矛聠聦毛鹿聞 & 毛聺录矛聺麓铆聰聞矛聤陇铆聝聙矛聺录 (Future Lifestyle),55,矛聸聬矛聻聬矛聻卢 & 矛聻聬矛聸聬,FCX,stock,5
毛炉赂毛聻聵 矛聠聦毛鹿聞 & 毛聺录矛聺麓铆聰聞矛聤陇铆聝聙矛聺录 (Future Lifestyle),55,矛聸聬矛聻聬矛聻卢 & 矛聻聬矛聸聬,GNR,etf,1
毛炉赂毛聻聵 矛聠聦毛鹿聞 & 毛聺录矛聺麓铆聰聞矛聤陇铆聝聙矛聺录 (Future Lifestyle),55,矛聸聬矛聻聬矛聻卢 & 矛聻聬矛聸聬,GUNR,etf,2
毛炉赂毛聻聵 矛聠聦毛鹿聞 & 毛聺录矛聺麓铆聰聞矛聤陇铆聝聙矛聺录 (Future Lifestyle),56,铆聨芦 矛录聙矛聳麓,IDXX,stock,1
毛炉赂毛聻聵 矛聠聦毛鹿聞 & 毛聺录矛聺麓铆聰聞矛聤陇铆聝聙矛聺录 (Future Lifestyle),56,铆聨芦 矛录聙矛聳麓,ZTS,stock,2
毛炉赂毛聻聵 矛聠聦毛鹿聞 & 毛聺录矛聺麓铆聰聞矛聤陇铆聝聙矛聺录 (Future Lifestyle),56,铆聨芦 矛录聙矛聳麓,CHWY,stock,3
毛炉赂毛聻聵 矛聠聦毛鹿聞 & 毛聺录矛聺麓铆聰聞矛聤陇铆聝聙矛聺录 (Future Lifestyle),56,铆聨芦 矛录聙矛聳麓,FRPT,stock,4
毛炉赂毛聻聵 矛聠聦毛鹿聞 & 毛聺录矛聺麓铆聰聞矛聤陇铆聝聙矛聺录 (Future Lifestyle),56,铆聨芦 矛录聙矛聳麓,ELAN,stock,5
毛炉赂毛聻聵 矛聠聦毛鹿聞 & 毛聺录矛聺麓铆聰聞矛聤陇铆聝聙矛聺录 (Future Lifestyle),56,铆聨芦 矛录聙矛聳麓,PAWZ,etf,1
毛炉赂毛聻聵 矛聠聦毛鹿聞 & 毛聺录矛聺麓铆聰聞矛聤陇铆聝聙矛聺录 (Future Lifestyle),56,铆聨芦 矛录聙矛聳麓,IBUY,etf,2
毛炉赂毛聻聵 矛聠聦毛鹿聞 & 毛聺录矛聺麓铆聰聞矛聤陇铆聝聙矛聺录 (Future Lifestyle),57,毛聼颅矛聟聰毛娄卢 矛聠聦毛鹿聞,RACE,stock,1
毛炉赂毛聻聵 矛聠聦毛鹿聞 & 毛聺录矛聺麓铆聰聞矛聤陇铆聝聙矛聺录 (Future Lifestyle),57,毛聼颅矛聟聰毛娄卢 矛聠聦毛鹿聞,RL,stock,2
毛炉赂毛聻聵 矛聠聦毛鹿聞 & 毛聺录矛聺麓铆聰聞矛聤陇铆聝聙矛聺录 (Future Lifestyle),57,毛聼颅矛聟聰毛娄卢 矛聠聦毛鹿聞,TPR,stock,3
毛炉赂毛聻聵 矛聠聦毛鹿聞 & 毛聺录矛聺麓铆聰聞矛聤陇铆聝聙矛聺录 (Future Lifestyle),57,毛聼颅矛聟聰毛娄卢 矛聠聦毛鹿聞,EL,stock,4
毛炉赂毛聻聵 矛聠聦毛鹿聞 & 毛聺录矛聺麓铆聰聞矛聤陇铆聝聙矛聺录 (Future Lifestyle),57,毛聼颅矛聟聰毛娄卢 矛聠聦毛鹿聞,GOOS,stock,5
毛炉赂毛聻聵 矛聠聦毛鹿聞 & 毛聺录矛聺麓铆聰聞矛聤陇铆聝聙矛聺录 (Future Lifestyle),57,毛聼颅矛聟聰毛娄卢 矛聠聦毛鹿聞,LUXE,etf,1
毛炉赂毛聻聵 矛聠聦毛鹿聞 & 毛聺录矛聺麓铆聰聞矛聤陇铆聝聙矛聺录 (Future Lifestyle),57,毛聼颅矛聟聰毛娄卢 矛聠聦毛鹿聞,GLUX,etf,2
毛炉赂毛聻聵 矛聠聦毛鹿聞 & 毛聺录矛聺麓铆聰聞矛聤陇铆聝聙矛聺录 (Future Lifestyle),58,矛聤陇毛搂聢铆聤赂 毛聠聧矛聴,DE,stock,1
毛炉赂毛聻聵 矛聠聦毛鹿聞 & 毛聺录矛聺麓铆聰聞矛聤陇铆聝聙矛聺录 (Future Lifestyle),58,矛聤陇毛搂聢铆聤赂 毛聠聧矛聴,CNH,stock,2
毛炉赂毛聻聵 矛聠聦毛鹿聞 & 毛聺录矛聺麓铆聰聞矛聤陇铆聝聙矛聺录 (Future Lifestyle),58,矛聤陇毛搂聢铆聤赂 毛聠聧矛聴,AGCO,stock,3
毛炉赂毛聻聵 矛聠聦毛鹿聞 & 毛聺录矛聺麓铆聰聞矛聤陇铆聝聙矛聺录 (Future Lifestyle),58,矛聤陇毛搂聢铆聤赂 毛聠聧矛聴,DAR,stock,4
毛炉赂毛聻聵 矛聠聦毛鹿聞 & 毛聺录矛聺麓铆聰聞矛聤陇铆聝聙矛聺录 (Future Lifestyle),58,矛聤陇毛搂聢铆聤赂 毛聠聧矛聴,VMI,stock,5
毛炉赂毛聻聵 矛聠聦毛鹿聞 & 毛聺录矛聺麓铆聰聞矛聤陇铆聝聙矛聺录 (Future Lifestyle),58,矛聤陇毛搂聢铆聤赂 毛聠聧矛聴,VEGI,etf,1
毛炉赂毛聻聵 矛聠聦毛鹿聞 & 毛聺录矛聺麓铆聰聞矛聤陇铆聝聙矛聺录 (Future Lifestyle),58,矛聤陇毛搂聢铆聤赂 毛聠聧矛聴,MOO,etf,2
毛炉赂毛聻聵 矛聠聦毛鹿聞 & 毛聺录矛聺麓铆聰聞矛聤陇铆聝聙矛聺录 (Future Lifestyle),59,矛聤陇铆聫卢矛赂聽 毛虏聽铆聦,DKNG,stock,1
毛炉赂毛聻聵 矛聠聦毛鹿聞 & 毛聺录矛聺麓铆聰聞矛聤陇铆聝聙矛聺录 (Future Lifestyle),59,矛聤陇铆聫卢矛赂聽 毛虏聽铆聦,FLUT,stock,2
毛炉赂毛聻聵 矛聠聦毛鹿聞 & 毛聺录矛聺麓铆聰聞矛聤陇铆聝聙矛聺录 (Future Lifestyle),59,矛聤陇铆聫卢矛赂聽 毛虏聽铆聦,MGM,stock,3
毛炉赂毛聻聵 矛聠聦毛鹿聞 & 毛聺录矛聺麓铆聰聞矛聤陇铆聝聙矛聺录 (Future Lifestyle),59,矛聤陇铆聫卢矛赂聽 毛虏聽铆聦,SRAD,stock,4
毛炉赂毛聻聵 矛聠聦毛鹿聞 & 毛聺录矛聺麓铆聰聞矛聤陇铆聝聙矛聺录 (Future Lifestyle),59,矛聤陇铆聫卢矛赂聽 毛虏聽铆聦,PENN,stock,5
毛炉赂毛聻聵 矛聠聦毛鹿聞 & 毛聺录矛聺麓铆聰聞矛聤陇铆聝聙矛聺录 (Future Lifestyle),59,矛聤陇铆聫卢矛赂聽 毛虏聽铆聦,BETZ,etf,1
毛炉赂毛聻聵 矛聠聦毛鹿聞 & 毛聺录矛聺麓铆聰聞矛聤陇铆聝聙矛聺录 (Future Lifestyle),59,矛聤陇铆聫卢矛赂聽 毛虏聽铆聦,BJK,etf,2
毛炉赂毛聻聵 矛聠聦毛鹿聞 & 毛聺录矛聺麓铆聰聞矛聤陇铆聝聙矛聺录 (Future Lifestyle),60,矛陇聭锚鲁聽锚卤掳毛聻聵,EBAY,stock,1
毛炉赂毛聻聵 矛聠聦毛鹿聞 & 毛聺录矛聺麓铆聰聞矛聤陇铆聝聙矛聺录 (Future Lifestyle),60,矛陇聭锚鲁聽锚卤掳毛聻聵,REAL,stock,2
毛炉赂毛聻聵 矛聠聦毛鹿聞 & 毛聺录矛聺麓铆聰聞矛聤陇铆聝聙矛聺录 (Future Lifestyle),60,矛陇聭锚鲁聽锚卤掳毛聻聵,ETSY,stock,3
毛炉赂毛聻聵 矛聠聦毛鹿聞 & 毛聺录矛聺麓铆聰聞矛聤陇铆聝聙矛聺录 (Future Lifestyle),60,矛陇聭锚鲁聽锚卤掳毛聻聵,TDUP,stock,4
毛炉赂毛聻聵 矛聠聦毛鹿聞 & 毛聺录矛聺麓铆聰聞矛聤陇铆聝聙矛聺录 (Future Lifestyle),60,矛陇聭锚鲁聽锚卤掳毛聻聵,PYPL,stock,5
毛炉赂毛聻聵 矛聠聦毛鹿聞 & 毛聺录矛聺麓铆聰聞矛聤陇铆聝聙矛聺录 (Future Lifestyle),60,矛陇聭锚鲁聽锚卤掳毛聻聵,ONLN,etf,1
